Locality,Property_Type,BHK,Bathrooms,Balconies,Area_SqFt,Age_Years,Floor_No,Total_Floors,Furnishing,Parking_Spaces,Distance_From_Metro_KM,Price_INR
Dwarka,Builder Floor,3,3,0,1563.1,10,7,12,Semi-Furnished,1,0.04,11625000.0
Golf Links,Builder Floor,2,2,3,1406.7,14,13,16,Unfurnished,2,1.26,25465000.0
Defence Colony,Independent House,1,1,1,1759.9,6,11,19,Unfurnished,2,0.6,29829000.0
Rohini,Builder Floor,3,2,2,986.6,33,9,13,Semi-Furnished,2,0.19,5678000.0
Rohini,Builder Floor,3,3,2,1479.0,28,14,15,Unfurnished,1,1.0,9832000.0
Rohini,Apartment,3,3,0,1274.6,38,9,18,Fully-Furnished,2,1.19,7744000.0
Vasant Vihar,Apartment,3,3,2,768.1,0,2,7,Fully-Furnished,2,2.56,14654000.0
Vikaspuri,Apartment,1,1,0,314.1,38,0,4,Semi-Furnished,1,0.3,1757000.0
Dwarka,Apartment,1,1,0,863.2,1,9,18,Unfurnished,1,0.49,6140000.0
Chattarpur,Builder Floor,4,3,0,1811.6,26,13,22,Fully-Furnished,2,0.01,13935000.0
Rohini,Apartment,2,2,0,1683.5,31,7,16,Unfurnished,0,0.59,7824000.0
Mayur Vihar,Apartment,2,2,2,524.4,1,11,17,Unfurnished,1,2.01,3366000.0
Golf Links,Apartment,3,2,1,1689.5,16,14,20,Unfurnished,1,2.01,24655000.0
Lajpat Nagar,Builder Floor,3,3,2,1267.2,35,2,5,Fully-Furnished,1,0.2,12574000.0
Pitampura,Independent House,2,2,0,2248.2,22,14,17,Unfurnished,0,8.05,12071000.0
Chattarpur,Apartment,4,4,2,1002.7,8,8,11,Semi-Furnished,2,3.88,7684000.0
Vasant Vihar,Independent House,1,1,2,2090.5,28,1,3,Semi-Furnished,1,10.39,30923000.0
Hauz Khas,Builder Floor,3,3,2,1174.6,16,0,3,Semi-Furnished,0,1.78,14611000.0
Saket,Apartment,3,3,1,1183.0,32,4,7,Semi-Furnished,1,0.09,13606000.0
Mayur Vihar,Builder Floor,5,5,2,1362.8,20,6,7,Unfurnished,0,1.63,10402000.0
Greater Kailash,Independent House,5,2,1,2092.4,1,9,10,Fully-Furnished,0,2.47,41419000.0
Dwarka,Apartment,4,4,1,1254.5,35,12,16,Semi-Furnished,1,3.18,9079000.0
Mayur Vihar,Builder Floor,2,2,1,1420.5,21,9,15,Unfurnished,0,0.72,7641000.0
Lajpat Nagar,Apartment,2,2,0,1568.1,31,3,6,Semi-Furnished,1,7.45,11192000.0
Karol Bagh,Apartment,2,2,0,901.5,22,14,23,Semi-Furnished,0,4.94,6976000.0
Uttam Nagar,Apartment,3,3,3,1629.6,38,14,19,Semi-Furnished,1,0.57,7977000.0
Najafgarh,Apartment,1,1,1,998.2,4,11,16,Semi-Furnished,0,1.14,3413000.0
Karol Bagh,Builder Floor,1,1,1,1302.7,4,12,16,Semi-Furnished,2,5.77,10901000.0
Chattarpur,Independent House,3,3,3,2634.4,2,0,1,Semi-Furnished,0,0.64,19962000.0
Mayur Vihar,Apartment,2,2,0,954.1,33,2,11,Semi-Furnished,1,0.86,5099000.0
Lajpat Nagar,Builder Floor,2,2,2,1643.9,34,0,3,Unfurnished,1,3.0,13331000.0
Defence Colony,Apartment,2,2,1,1443.3,19,8,14,Unfurnished,0,0.11,21345000.0
Pitampura,Builder Floor,3,3,1,1517.6,15,4,9,Unfurnished,1,2.23,9917000.0
Hauz Khas,Builder Floor,4,4,3,1297.2,4,2,9,Semi-Furnished,1,6.93,20879000.0
Pitampura,Builder Floor,1,1,0,1153.3,26,9,11,Unfurnished,0,8.63,5295000.0
Najafgarh,Builder Floor,4,3,1,1304.8,30,2,8,Semi-Furnished,0,0.8,5517000.0
Greater Kailash,Apartment,3,3,2,1533.1,38,0,3,Semi-Furnished,2,0.94,16866000.0
Shahdara,Apartment,4,4,1,330.7,20,5,10,Fully-Furnished,0,1.61,2202000.0
Chattarpur,Apartment,2,2,2,958.4,2,6,15,Fully-Furnished,2,0.12,7164000.0
Saket,Apartment,2,2,1,664.1,27,11,16,Fully-Furnished,2,2.4,7670000.0
Shahdara,Apartment,2,2,0,1618.3,5,1,4,Semi-Furnished,1,1.08,7317000.0
Paschim Vihar,Independent House,3,3,3,1876.1,10,4,13,Fully-Furnished,2,3.64,17320000.0
Golf Links,Apartment,3,3,3,1165.6,22,4,9,Fully-Furnished,2,0.57,23821000.0
Vikaspuri,Apartment,2,2,2,845.4,33,11,19,Unfurnished,1,1.29,4447000.0
Greater Kailash,Apartment,3,3,1,1151.0,22,14,19,Semi-Furnished,1,0.48,18847000.0
Saket,Independent House,3,3,0,2021.6,33,3,12,Semi-Furnished,1,1.01,22989000.0
Karol Bagh,Builder Floor,2,2,3,1395.6,1,12,15,Semi-Furnished,1,1.76,14672000.0
Lajpat Nagar,Apartment,2,2,1,769.6,28,1,4,Unfurnished,0,0.65,6233000.0
Saket,Apartment,2,2,2,669.8,8,9,18,Semi-Furnished,1,1.43,7677000.0
Lajpat Nagar,Builder Floor,4,4,0,1366.3,14,14,22,Semi-Furnished,1,0.92,13918000.0
Golf Links,Builder Floor,3,3,0,1573.0,37,2,5,Unfurnished,0,0.95,24939000.0
Karol Bagh,Independent House,2,2,1,1375.8,17,14,18,Semi-Furnished,1,2.74,12398000.0
Shahdara,Independent House,4,4,1,1390.8,5,4,13,Unfurnished,0,0.33,8132000.0
Najafgarh,Apartment,2,2,0,922.3,30,7,12,Fully-Furnished,0,1.01,2972000.0
Lajpat Nagar,Builder Floor,2,2,3,1227.0,14,10,18,Semi-Furnished,2,0.46,13263000.0
Hauz Khas,Apartment,2,2,1,611.7,36,13,17,Unfurnished,1,0.92,6491000.0
Karol Bagh,Apartment,3,2,0,679.9,8,0,9,Semi-Furnished,1,1.06,6369000.0
Shahdara,Builder Floor,4,4,1,1232.1,34,2,3,Semi-Furnished,1,3.69,7234000.0
Rohini,Builder Floor,4,2,1,1628.9,13,9,13,Unfurnished,1,2.3,11217000.0
Rohini,Apartment,2,2,1,897.1,24,0,1,Unfurnished,1,0.14,3659000.0
Rohini,Independent House,2,2,2,1408.6,29,6,10,Fully-Furnished,1,2.46,9730000.0
Vasant Vihar,Apartment,4,3,2,1552.9,30,14,18,Semi-Furnished,1,1.4,28861000.0
Rohini,Apartment,3,3,2,1327.1,35,9,14,Fully-Furnished,2,0.84,7331000.0
Saket,Apartment,2,2,1,1296.3,24,0,8,Fully-Furnished,2,1.67,14262000.0
Hauz Khas,Builder Floor,1,1,0,1219.2,21,10,17,Unfurnished,0,0.36,14612000.0
Hauz Khas,Apartment,2,2,1,1861.6,25,8,11,Unfurnished,1,5.05,21021000.0
Golf Links,Apartment,3,2,3,1352.2,23,8,15,Unfurnished,0,0.75,24596000.0
Lajpat Nagar,Independent House,1,1,1,1892.4,0,12,19,Unfurnished,1,0.86,16074000.0
Shahdara,Apartment,1,1,1,1871.0,1,5,6,Unfurnished,1,0.34,8270000.0
Vasant Vihar,Apartment,2,2,1,1132.9,32,6,13,Unfurnished,1,2.15,15440000.0
Vasant Vihar,Independent House,3,3,1,1691.8,36,2,5,Semi-Furnished,0,0.21,26918000.0
Vikaspuri,Independent House,1,1,2,1322.7,20,2,5,Semi-Furnished,1,4.46,7749000.0
Uttam Nagar,Independent House,2,2,2,2402.0,36,5,14,Unfurnished,0,5.93,9258000.0
Mayur Vihar,Apartment,4,4,1,1088.7,16,13,22,Semi-Furnished,1,0.6,8557000.0
Lajpat Nagar,Apartment,4,3,2,1430.9,37,1,2,Unfurnished,1,2.55,13627000.0
Karol Bagh,Apartment,3,3,2,830.4,6,9,10,Unfurnished,1,1.46,7023000.0
Golf Links,Apartment,3,3,1,995.6,39,10,14,Semi-Furnished,0,1.67,16120000.0
Golf Links,Apartment,3,2,2,573.6,16,13,15,Semi-Furnished,1,0.84,11283000.0
Rohini,Builder Floor,2,2,2,1992.5,36,11,14,Unfurnished,1,0.9,9895000.0
Mayur Vihar,Builder Floor,1,1,2,1465.3,30,4,5,Semi-Furnished,1,3.78,8907000.0
Paschim Vihar,Apartment,2,2,3,1228.9,13,14,19,Semi-Furnished,0,0.24,10288000.0
Paschim Vihar,Builder Floor,3,3,2,1379.9,23,2,4,Fully-Furnished,1,1.16,11354000.0
Mayur Vihar,Independent House,3,3,1,2070.2,1,6,9,Fully-Furnished,0,4.15,18598000.0
Janakpuri,Apartment,2,2,0,1879.3,38,3,8,Semi-Furnished,0,1.26,10445000.0
Paschim Vihar,Apartment,3,3,3,519.9,36,10,16,Fully-Furnished,2,1.84,3727000.0
Janakpuri,Villa,2,2,1,3151.5,9,10,12,Unfurnished,0,6.31,26117000.0
Saket,Builder Floor,3,3,1,1025.2,34,1,3,Semi-Furnished,0,3.38,10782000.0
Saket,Independent House,2,2,0,1101.7,33,11,20,Unfurnished,2,2.66,9782000.0
Golf Links,Apartment,3,3,0,686.2,12,11,16,Fully-Furnished,0,4.29,12158000.0
Model Town,Builder Floor,3,3,2,1797.2,18,7,8,Unfurnished,0,0.81,15989000.0
Janakpuri,Independent House,3,2,2,2403.4,30,6,11,Semi-Furnished,0,3.41,21313000.0
Vikaspuri,Builder Floor,1,1,1,1165.4,39,14,16,Semi-Furnished,1,3.03,5650000.0
Saket,Apartment,4,3,0,1086.1,36,12,18,Fully-Furnished,1,0.14,12032000.0
Shahdara,Builder Floor,1,1,2,1329.8,13,14,18,Semi-Furnished,1,0.97,7929000.0
Lajpat Nagar,Builder Floor,2,2,0,1741.0,33,12,16,Unfurnished,1,0.36,12547000.0
Lajpat Nagar,Apartment,3,3,3,1173.1,27,12,17,Fully-Furnished,2,6.68,10415000.0
Model Town,Apartment,4,3,1,1086.3,24,7,9,Fully-Furnished,1,6.9,11364000.0
Vikaspuri,Apartment,1,1,1,1588.0,23,11,14,Unfurnished,1,0.0,6789000.0
Dwarka,Apartment,2,2,0,897.1,1,7,15,Unfurnished,1,0.02,7672000.0
Paschim Vihar,Independent House,3,3,2,2131.4,37,8,16,Semi-Furnished,1,0.32,17235000.0
Mayur Vihar,Villa,3,3,1,3198.2,31,1,2,Semi-Furnished,0,0.86,20484000.0
Vasant Vihar,Builder Floor,5,3,2,984.4,14,1,8,Semi-Furnished,2,0.27,19759000.0
Saket,Independent House,2,2,3,2590.3,27,13,17,Unfurnished,2,0.17,34379000.0
Chattarpur,Independent House,3,2,0,2540.6,13,10,12,Unfurnished,0,0.35,18828000.0
Janakpuri,Independent House,3,3,1,1858.6,31,2,4,Unfurnished,1,0.81,11118000.0
Pitampura,Apartment,2,2,1,1047.3,6,11,12,Fully-Furnished,1,2.72,6844000.0
Chattarpur,Independent House,3,3,1,2349.5,35,9,14,Unfurnished,1,1.82,15772000.0
Hauz Khas,Apartment,4,3,2,1295.7,39,4,5,Unfurnished,1,4.79,12652000.0
Karol Bagh,Apartment,2,2,1,1092.3,38,8,12,Semi-Furnished,0,0.99,8482000.0
Golf Links,Builder Floor,3,3,1,1405.1,30,10,13,Unfurnished,1,1.19,23612000.0
Mayur Vihar,Builder Floor,3,3,0,933.0,19,11,20,Semi-Furnished,1,1.53,5632000.0
Shahdara,Builder Floor,4,3,0,1508.8,13,1,10,Semi-Furnished,2,0.08,10548000.0
Greater Kailash,Apartment,3,2,0,1043.0,23,10,12,Unfurnished,2,1.74,14694000.0
Uttam Nagar,Apartment,2,2,0,1228.4,7,1,6,Unfurnished,1,1.17,4549000.0
Defence Colony,Villa,5,3,0,3602.6,17,0,8,Fully-Furnished,1,0.24,74931000.0
Vikaspuri,Builder Floor,4,4,1,1585.4,27,1,3,Semi-Furnished,1,4.03,11277000.0
Najafgarh,Builder Floor,2,2,2,1321.4,3,5,8,Fully-Furnished,1,3.2,5649000.0
Model Town,Builder Floor,3,3,2,959.3,6,14,19,Unfurnished,1,1.82,9506000.0
Shahdara,Apartment,2,2,2,1112.5,8,2,7,Fully-Furnished,1,1.3,6387000.0
Mayur Vihar,Apartment,3,3,1,610.8,20,6,13,Fully-Furnished,0,6.19,3815000.0
Hauz Khas,Builder Floor,3,3,1,1173.8,26,12,15,Semi-Furnished,0,2.53,14347000.0
Golf Links,Apartment,2,2,0,805.3,12,14,21,Unfurnished,1,0.41,13477000.0
Hauz Khas,Apartment,2,2,2,1243.1,20,5,14,Semi-Furnished,1,0.38,12398000.0
Karol Bagh,Builder Floor,3,3,2,1026.8,38,9,18,Unfurnished,1,1.2,7292000.0
Paschim Vihar,Apartment,3,3,0,1250.8,36,14,17,Semi-Furnished,1,0.53,8461000.0
Vikaspuri,Independent House,3,3,1,2266.8,10,6,14,Unfurnished,0,2.58,14456000.0
Karol Bagh,Builder Floor,3,3,1,1175.4,32,10,16,Unfurnished,0,1.46,9680000.0
Golf Links,Independent House,2,2,2,2078.5,2,5,11,Unfurnished,1,0.9,41211000.0
Greater Kailash,Builder Floor,3,3,0,1188.5,30,14,23,Unfurnished,1,1.1,15315000.0
Najafgarh,Apartment,2,2,0,399.3,19,7,15,Semi-Furnished,2,1.47,1400000.0
Saket,Apartment,3,3,0,1227.6,13,3,4,Unfurnished,1,0.96,14034000.0
Golf Links,Builder Floor,2,2,2,849.1,5,2,8,Semi-Furnished,2,3.81,17535000.0
Karol Bagh,Apartment,3,3,1,1365.9,13,5,8,Semi-Furnished,1,0.17,9745000.0
Greater Kailash,Apartment,5,4,2,789.0,24,12,18,Unfurnished,1,0.3,14583000.0
Najafgarh,Builder Floor,2,2,1,1403.1,7,4,6,Semi-Furnished,0,0.17,5011000.0
Mayur Vihar,Villa,3,3,0,2298.8,5,12,14,Semi-Furnished,0,0.13,18220000.0
Model Town,Apartment,3,3,1,1076.3,22,2,11,Unfurnished,0,0.72,8539000.0
Model Town,Apartment,3,3,1,1381.2,28,3,7,Semi-Furnished,1,0.28,15314000.0
Chattarpur,Apartment,3,3,0,718.2,21,4,11,Unfurnished,1,0.04,5096000.0
Uttam Nagar,Independent House,3,3,2,1602.6,20,4,6,Unfurnished,0,0.93,9032000.0
Shahdara,Apartment,1,1,0,1459.0,17,7,10,Unfurnished,1,1.23,6176000.0
Karol Bagh,Builder Floor,2,2,2,1742.7,39,4,11,Semi-Furnished,2,2.02,11467000.0
Uttam Nagar,Builder Floor,2,2,1,1703.3,7,12,20,Unfurnished,1,0.15,8394000.0
Greater Kailash,Apartment,2,2,2,695.9,27,2,7,Semi-Furnished,2,0.14,8696000.0
Karol Bagh,Apartment,3,3,1,1398.8,35,13,17,Semi-Furnished,1,1.51,10050000.0
Paschim Vihar,Apartment,2,2,3,1078.1,15,11,13,Unfurnished,1,5.26,7000000.0
Pitampura,Apartment,3,3,1,578.7,20,11,14,Fully-Furnished,1,0.67,3353000.0
Dwarka,Builder Floor,3,3,2,1349.9,39,13,20,Unfurnished,0,0.77,8774000.0
Lajpat Nagar,Apartment,2,2,0,1619.0,30,14,17,Unfurnished,1,1.07,12489000.0
Defence Colony,Independent House,3,3,2,1240.3,24,4,12,Semi-Furnished,0,0.57,20971000.0
Defence Colony,Builder Floor,4,4,1,1143.3,20,13,20,Semi-Furnished,1,0.94,18154000.0
Pitampura,Independent House,2,2,2,1420.1,36,9,13,Unfurnished,1,3.03,7307000.0
Greater Kailash,Apartment,2,2,2,981.8,28,13,16,Unfurnished,1,1.65,11810000.0
Hauz Khas,Apartment,3,2,1,1853.7,18,5,13,Unfurnished,1,2.46,22694000.0
Hauz Khas,Apartment,2,2,0,757.5,27,10,19,Fully-Furnished,1,1.09,9094000.0
Hauz Khas,Apartment,5,4,2,1263.5,25,4,13,Semi-Furnished,2,0.36,18051000.0
Lajpat Nagar,Apartment,3,3,3,941.7,34,13,16,Unfurnished,1,1.31,8649000.0
Karol Bagh,Builder Floor,1,1,3,1672.8,23,8,12,Semi-Furnished,0,1.88,14533000.0
Chattarpur,Independent House,2,2,3,1959.9,9,5,14,Semi-Furnished,0,1.34,14565000.0
Lajpat Nagar,Apartment,2,2,0,372.7,10,3,11,Semi-Furnished,2,0.11,3783000.0
Mayur Vihar,Builder Floor,5,2,2,1368.7,36,7,8,Semi-Furnished,2,1.88,11648000.0
Pitampura,Apartment,1,1,1,917.8,23,12,14,Unfurnished,1,3.14,5508000.0
Shahdara,Apartment,3,2,3,1075.2,1,9,11,Fully-Furnished,1,2.77,6570000.0
Mayur Vihar,Apartment,3,2,2,1519.2,31,6,11,Unfurnished,1,2.83,8587000.0
Uttam Nagar,Apartment,3,3,2,991.9,1,8,16,Semi-Furnished,2,1.55,6169000.0
Chattarpur,Builder Floor,2,2,1,1159.0,10,7,15,Unfurnished,1,1.72,5818000.0
Rohini,Builder Floor,3,2,2,1629.6,11,1,8,Semi-Furnished,1,4.55,10176000.0
Lajpat Nagar,Villa,2,2,2,3032.6,36,3,9,Fully-Furnished,2,0.25,31924000.0
Lajpat Nagar,Apartment,5,4,2,1076.1,3,11,17,Fully-Furnished,1,0.28,15029000.0
Defence Colony,Independent House,4,2,2,2717.2,27,12,21,Fully-Furnished,1,2.48,51776000.0
Mayur Vihar,Villa,2,2,2,3338.4,11,11,16,Unfurnished,0,2.54,26336000.0
Greater Kailash,Apartment,3,3,2,901.2,21,0,5,Fully-Furnished,2,0.59,11865000.0
Vasant Vihar,Apartment,3,2,0,746.3,8,3,4,Fully-Furnished,0,2.06,15746000.0
Hauz Khas,Builder Floor,1,1,1,1221.5,13,3,4,Semi-Furnished,1,2.19,12880000.0
Paschim Vihar,Independent House,2,2,1,1848.3,34,2,6,Unfurnished,1,0.06,11741000.0
Saket,Apartment,4,4,2,969.4,19,12,19,Semi-Furnished,1,1.98,13038000.0
Model Town,Builder Floor,3,2,1,1501.9,32,7,11,Unfurnished,1,0.71,12673000.0
Vikaspuri,Builder Floor,3,3,0,1528.5,15,12,13,Unfurnished,1,0.62,11518000.0
Vikaspuri,Builder Floor,4,3,0,1179.9,8,12,21,Semi-Furnished,2,4.22,9311000.0
Vasant Vihar,Apartment,4,3,0,944.6,18,9,13,Unfurnished,1,2.0,16737000.0
Chattarpur,Builder Floor,2,2,2,1820.5,2,5,7,Unfurnished,1,8.25,12551000.0
Rohini,Independent House,2,2,0,1957.8,7,2,3,Semi-Furnished,1,1.95,12317000.0
Vikaspuri,Independent House,3,2,0,1642.3,7,10,14,Unfurnished,1,3.24,11550000.0
Shahdara,Apartment,2,2,1,947.5,16,7,12,Unfurnished,1,4.15,4337000.0
Janakpuri,Independent House,4,2,1,1974.4,18,11,19,Fully-Furnished,1,1.87,18077000.0
Najafgarh,Apartment,1,1,2,1306.4,19,1,3,Unfurnished,1,1.22,4593000.0
Paschim Vihar,Apartment,4,3,1,1439.6,38,1,10,Semi-Furnished,2,1.83,13419000.0
Vikaspuri,Independent House,4,4,0,2082.7,1,12,18,Fully-Furnished,2,3.43,21431000.0
Pitampura,Apartment,3,2,0,1061.4,30,8,15,Fully-Furnished,0,0.98,5474000.0
Lajpat Nagar,Apartment,2,2,1,741.9,33,2,5,Fully-Furnished,2,1.13,6973000.0
Rohini,Builder Floor,3,3,0,1376.5,6,3,8,Fully-Furnished,1,0.34,9383000.0
Karol Bagh,Independent House,1,1,1,1434.9,37,4,12,Unfurnished,0,8.85,9562000.0
Vasant Vihar,Apartment,1,1,3,765.6,26,9,12,Unfurnished,1,1.23,11070000.0
Karol Bagh,Builder Floor,3,3,3,1609.1,12,10,14,Unfurnished,2,2.97,14552000.0
Defence Colony,Apartment,3,3,1,1619.8,33,12,15,Unfurnished,1,2.26,26039000.0
Mayur Vihar,Builder Floor,3,3,0,1027.5,33,10,14,Unfurnished,2,4.25,5549000.0
Rohini,Apartment,3,2,2,1043.1,36,3,9,Unfurnished,2,4.8,6047000.0
Lajpat Nagar,Apartment,3,3,0,936.4,19,8,14,Unfurnished,1,7.93,7291000.0
Mayur Vihar,Builder Floor,3,3,1,822.6,22,14,23,Unfurnished,1,4.5,4721000.0
Paschim Vihar,Apartment,4,3,3,1555.3,7,3,4,Semi-Furnished,0,0.55,17896000.0
Saket,Apartment,3,3,0,1316.8,2,5,10,Unfurnished,2,0.65,14611000.0
Uttam Nagar,Villa,3,2,0,3138.1,7,4,13,Semi-Furnished,2,1.9,20242000.0
Rohini,Apartment,3,2,1,812.1,7,2,4,Unfurnished,0,4.06,5218000.0
Golf Links,Apartment,3,2,0,1536.5,12,7,9,Unfurnished,2,5.3,26839000.0
Dwarka,Apartment,5,4,1,1290.6,24,5,6,Semi-Furnished,2,1.21,9476000.0
Hauz Khas,Independent House,2,2,2,2083.9,23,14,20,Semi-Furnished,0,4.97,25157000.0
Rohini,Apartment,2,2,0,550.0,11,0,9,Unfurnished,1,0.1,3052000.0
Saket,Builder Floor,2,2,0,1109.9,27,10,19,Unfurnished,0,3.7,12315000.0
Mayur Vihar,Independent House,4,4,0,1248.2,22,9,10,Fully-Furnished,2,2.25,8465000.0
Uttam Nagar,Apartment,5,4,3,1389.6,24,13,22,Unfurnished,1,2.07,8704000.0
Karol Bagh,Apartment,4,3,0,372.4,13,2,11,Unfurnished,1,1.08,3367000.0
Janakpuri,Apartment,4,4,2,850.6,35,12,19,Semi-Furnished,0,0.29,7372000.0
Dwarka,Apartment,3,3,0,1141.5,34,12,21,Fully-Furnished,1,1.57,7561000.0
Uttam Nagar,Builder Floor,3,3,1,1331.4,23,12,21,Fully-Furnished,1,2.26,6310000.0
Chattarpur,Apartment,2,2,1,840.2,29,8,10,Unfurnished,1,0.81,4345000.0
Vasant Vihar,Builder Floor,3,3,2,1588.6,12,6,10,Fully-Furnished,0,4.58,26623000.0
Vasant Vihar,Independent House,2,2,2,1626.3,28,1,3,Semi-Furnished,1,1.28,26141000.0
Hauz Khas,Villa,5,2,1,3210.4,25,11,18,Unfurnished,1,3.04,56407000.0
Janakpuri,Apartment,4,2,2,1106.4,0,0,4,Unfurnished,1,1.55,10514000.0
Pitampura,Independent House,3,3,0,2179.8,32,1,7,Semi-Furnished,0,1.39,14261000.0
Vikaspuri,Apartment,3,3,1,1352.5,29,2,8,Unfurnished,0,0.1,7946000.0
Vasant Vihar,Apartment,2,2,0,1103.1,3,2,10,Semi-Furnished,2,1.69,19844000.0
Lajpat Nagar,Apartment,3,3,3,853.3,33,6,14,Unfurnished,1,2.53,8141000.0
Uttam Nagar,Apartment,5,4,2,1545.8,8,4,8,Unfurnished,2,0.52,9515000.0
Lajpat Nagar,Apartment,3,3,1,953.0,26,8,11,Fully-Furnished,0,4.63,8884000.0
Golf Links,Villa,3,3,3,2527.9,26,9,10,Semi-Furnished,0,1.66,49124000.0
Paschim Vihar,Independent House,4,2,1,1716.0,10,8,17,Unfurnished,2,0.32,16092000.0
Janakpuri,Apartment,3,3,1,1605.1,18,12,19,Fully-Furnished,2,4.46,12257000.0
Vikaspuri,Builder Floor,2,2,0,1291.7,18,6,15,Unfurnished,0,4.23,4904000.0
Vasant Vihar,Apartment,2,2,2,1231.0,3,2,4,Fully-Furnished,1,0.66,25485000.0
Janakpuri,Apartment,1,1,1,1204.3,36,8,16,Unfurnished,1,0.72,6419000.0
Greater Kailash,Builder Floor,3,3,2,1732.1,29,13,18,Semi-Furnished,2,0.4,23579000.0
Najafgarh,Builder Floor,3,3,0,1220.7,30,9,11,Semi-Furnished,1,6.08,4781000.0
Karol Bagh,Apartment,3,2,1,1242.6,0,14,23,Unfurnished,2,1.19,11756000.0
Golf Links,Independent House,4,4,2,1871.7,16,1,10,Unfurnished,1,0.82,49496000.0
Chattarpur,Apartment,3,3,1,1193.5,16,2,6,Semi-Furnished,1,0.97,7864000.0
Model Town,Builder Floor,3,3,0,1476.8,23,10,13,Semi-Furnished,1,1.56,13839000.0
Vasant Vihar,Apartment,5,4,3,788.9,15,10,19,Unfurnished,1,0.69,16474000.0
Model Town,Apartment,4,4,3,1038.5,17,3,11,Unfurnished,1,0.68,11061000.0
Lajpat Nagar,Apartment,2,2,2,1302.9,32,13,15,Unfurnished,1,0.81,10091000.0
Golf Links,Apartment,3,3,0,1149.4,22,2,8,Semi-Furnished,2,0.79,21075000.0
Karol Bagh,Builder Floor,5,2,1,1391.8,27,13,22,Semi-Furnished,1,1.1,13163000.0
Shahdara,Apartment,3,3,1,851.4,9,5,11,Unfurnished,1,0.38,4412000.0
Uttam Nagar,Villa,3,3,2,2926.7,29,4,6,Semi-Furnished,1,1.66,17133000.0
Pitampura,Builder Floor,2,2,2,927.5,0,2,11,Unfurnished,2,2.67,7110000.0
Najafgarh,Apartment,2,2,2,1279.3,3,6,7,Semi-Furnished,2,0.5,6361000.0
Pitampura,Builder Floor,5,2,0,1569.4,34,3,8,Fully-Furnished,1,0.6,10441000.0
Pitampura,Apartment,3,3,2,1689.6,22,14,18,Unfurnished,0,0.48,11419000.0
Defence Colony,Apartment,2,2,1,1026.1,15,1,8,Fully-Furnished,2,3.46,16987000.0
Janakpuri,Builder Floor,2,2,1,1499.1,16,8,14,Semi-Furnished,1,4.01,8047000.0
Vasant Vihar,Builder Floor,3,3,1,1732.1,37,9,17,Unfurnished,1,5.51,25729000.0
Paschim Vihar,Builder Floor,1,1,1,1256.3,23,3,4,Semi-Furnished,1,2.13,6963000.0
Vasant Vihar,Builder Floor,3,3,2,1412.7,2,12,16,Unfurnished,2,0.02,25763000.0
Mayur Vihar,Apartment,2,2,2,1984.7,24,12,19,Unfurnished,2,3.09,12402000.0
Vikaspuri,Apartment,4,2,1,1312.3,34,6,12,Semi-Furnished,1,4.31,8541000.0
Mayur Vihar,Builder Floor,3,2,2,1283.2,12,13,17,Unfurnished,0,0.36,9898000.0
Rohini,Builder Floor,2,2,1,1838.5,31,9,12,Unfurnished,1,0.22,9501000.0
Hauz Khas,Apartment,2,2,1,899.2,14,13,21,Semi-Furnished,1,1.07,10436000.0
Vasant Vihar,Apartment,2,2,1,1425.8,0,1,2,Semi-Furnished,2,1.16,29440000.0
Shahdara,Apartment,2,2,1,1357.5,16,10,19,Semi-Furnished,1,4.34,6427000.0
Lajpat Nagar,Independent House,4,4,2,2112.3,6,13,16,Fully-Furnished,1,1.32,33000000.0
Lajpat Nagar,Apartment,4,3,0,1471.2,21,5,14,Semi-Furnished,2,1.58,13809000.0
Shahdara,Apartment,2,2,1,1460.0,28,2,5,Unfurnished,1,1.88,6132000.0
Hauz Khas,Apartment,3,2,1,1369.1,8,11,13,Semi-Furnished,1,0.14,22713000.0
Rohini,Apartment,2,2,2,1462.0,34,4,7,Semi-Furnished,1,0.37,9799000.0
Pitampura,Apartment,2,2,1,770.2,25,3,8,Semi-Furnished,1,0.73,4480000.0
Janakpuri,Builder Floor,2,2,2,1810.8,29,11,12,Semi-Furnished,0,1.17,10275000.0
Paschim Vihar,Villa,3,3,2,3975.6,0,13,18,Semi-Furnished,0,1.81,35508000.0
Karol Bagh,Independent House,3,2,0,2220.9,36,3,4,Unfurnished,0,0.6,18406000.0
Saket,Apartment,3,3,1,1394.0,39,14,21,Fully-Furnished,2,3.73,14947000.0
Lajpat Nagar,Builder Floor,2,2,3,2134.8,10,10,15,Semi-Furnished,1,0.75,18971000.0
Najafgarh,Apartment,2,2,1,1171.9,34,2,7,Fully-Furnished,1,1.74,4371000.0
Model Town,Apartment,2,2,3,854.5,33,6,11,Semi-Furnished,1,1.17,8837000.0
Paschim Vihar,Independent House,3,2,1,2250.2,17,10,17,Fully-Furnished,0,5.18,21686000.0
Mayur Vihar,Apartment,3,3,0,1433.9,6,3,4,Unfurnished,1,1.21,10227000.0
Uttam Nagar,Apartment,3,3,3,1046.3,27,7,9,Semi-Furnished,0,5.08,4262000.0
Lajpat Nagar,Independent House,1,1,0,1813.7,19,3,10,Fully-Furnished,1,0.47,16533000.0
Janakpuri,Villa,4,4,0,2693.5,19,4,5,Semi-Furnished,2,1.25,31851000.0
Vikaspuri,Apartment,4,2,1,1202.9,6,11,13,Semi-Furnished,0,5.71,9359000.0
Chattarpur,Apartment,2,2,0,1200.1,22,7,15,Unfurnished,0,3.5,6429000.0
Shahdara,Apartment,2,2,2,1355.3,23,2,9,Unfurnished,1,0.73,7471000.0
Karol Bagh,Apartment,2,2,3,756.3,16,14,21,Fully-Furnished,2,4.41,6504000.0
Chattarpur,Apartment,3,3,2,337.0,6,8,11,Semi-Furnished,0,2.4,2933000.0
Rohini,Apartment,3,3,1,1671.2,38,7,16,Semi-Furnished,0,0.28,10206000.0
Greater Kailash,Apartment,2,2,3,1232.6,7,13,22,Semi-Furnished,0,5.59,16943000.0
Mayur Vihar,Independent House,2,2,1,2160.6,20,9,13,Unfurnished,0,0.0,13925000.0
Karol Bagh,Builder Floor,2,2,1,1806.2,16,7,15,Fully-Furnished,0,0.69,17174000.0
Rohini,Builder Floor,1,1,2,1528.9,1,5,7,Semi-Furnished,1,5.47,9881000.0
Paschim Vihar,Apartment,1,1,1,984.5,39,2,6,Semi-Furnished,1,2.97,5922000.0
Chattarpur,Apartment,2,2,2,866.8,7,7,8,Semi-Furnished,0,0.11,6413000.0
Dwarka,Apartment,3,3,3,880.7,5,5,7,Unfurnished,1,1.13,7757000.0
Rohini,Builder Floor,1,1,2,1189.2,18,6,7,Semi-Furnished,0,0.7,5641000.0
Saket,Builder Floor,2,2,3,1499.4,31,0,9,Unfurnished,1,3.16,15347000.0
Greater Kailash,Apartment,1,1,1,1355.1,11,7,15,Unfurnished,2,0.13,16992000.0
Pitampura,Apartment,2,2,3,794.9,2,9,17,Semi-Furnished,1,2.78,6248000.0
Rohini,Independent House,2,2,2,1620.4,22,3,10,Unfurnished,0,1.16,11074000.0
Golf Links,Apartment,4,2,2,849.2,32,3,9,Semi-Furnished,2,0.29,13548000.0
Uttam Nagar,Apartment,2,2,2,1373.4,17,4,7,Semi-Furnished,1,4.57,6425000.0
Paschim Vihar,Independent House,1,1,1,2325.7,37,12,17,Unfurnished,1,2.69,13369000.0
Model Town,Independent House,2,2,1,1619.2,27,9,18,Unfurnished,1,0.55,15281000.0
Golf Links,Apartment,3,3,2,1138.9,0,8,14,Fully-Furnished,1,0.16,26227000.0
Greater Kailash,Apartment,2,2,0,1446.1,16,13,19,Semi-Furnished,0,0.3,18527000.0
Uttam Nagar,Builder Floor,2,2,0,1162.3,21,9,10,Unfurnished,1,5.53,3668000.0
Chattarpur,Apartment,2,2,2,1456.3,6,11,18,Semi-Furnished,1,0.09,11934000.0
Greater Kailash,Apartment,2,2,2,1314.4,16,6,8,Unfurnished,1,1.07,14371000.0
Vikaspuri,Apartment,3,2,3,888.3,3,12,14,Semi-Furnished,0,1.4,6526000.0
Lajpat Nagar,Apartment,1,1,1,1368.2,15,2,8,Semi-Furnished,1,1.12,10744000.0
Golf Links,Builder Floor,3,3,1,1470.2,3,12,19,Semi-Furnished,1,0.57,30871000.0
Pitampura,Apartment,1,1,0,554.6,16,3,7,Unfurnished,0,3.89,3038000.0
Saket,Apartment,3,3,2,1006.9,8,11,18,Semi-Furnished,1,0.73,11600000.0
Pitampura,Apartment,2,2,1,712.1,27,1,9,Unfurnished,1,4.56,4013000.0
Vikaspuri,Apartment,2,2,0,1414.6,20,5,12,Unfurnished,0,4.06,9300000.0
Mayur Vihar,Apartment,4,4,3,1052.5,11,11,15,Fully-Furnished,1,0.64,8662000.0
Uttam Nagar,Apartment,3,2,1,1027.5,16,14,15,Unfurnished,2,5.33,5196000.0
Najafgarh,Apartment,2,2,1,1142.5,6,12,16,Semi-Furnished,1,0.81,4445000.0
Hauz Khas,Independent House,2,2,3,1417.0,28,3,12,Unfurnished,1,1.05,18948000.0
Najafgarh,Apartment,2,2,1,1194.1,28,3,9,Unfurnished,1,0.26,4546000.0
Model Town,Apartment,4,4,2,1328.4,17,4,8,Semi-Furnished,1,0.17,13527000.0
Hauz Khas,Apartment,4,3,1,1367.9,1,10,14,Unfurnished,1,2.19,24646000.0
Najafgarh,Independent House,2,2,0,1977.4,6,9,11,Unfurnished,1,1.36,7858000.0
Vasant Vihar,Independent House,3,3,0,2264.7,10,7,9,Semi-Furnished,2,0.78,49069000.0
Karol Bagh,Builder Floor,1,1,3,1098.1,32,12,20,Semi-Furnished,0,0.12,7761000.0
Najafgarh,Apartment,2,2,0,1211.0,24,1,9,Unfurnished,0,1.95,3652000.0
Golf Links,Builder Floor,3,3,1,1858.8,1,14,23,Fully-Furnished,0,4.42,39520000.0
Chattarpur,Independent House,1,1,1,1690.8,11,5,13,Fully-Furnished,2,2.6,11977000.0
Najafgarh,Villa,4,4,1,2403.9,22,12,17,Semi-Furnished,1,1.8,13772000.0
Vikaspuri,Builder Floor,3,3,0,1749.5,16,8,14,Fully-Furnished,1,0.22,11853000.0
Chattarpur,Independent House,4,2,1,1596.0,27,2,8,Unfurnished,2,4.5,9903000.0
Chattarpur,Independent House,3,3,2,1655.3,26,8,16,Unfurnished,1,0.2,11664000.0
Lajpat Nagar,Builder Floor,1,1,2,1380.3,2,0,5,Unfurnished,1,2.23,12569000.0
Saket,Independent House,3,3,0,1605.5,19,12,16,Semi-Furnished,2,1.39,22799000.0
Saket,Apartment,3,3,1,1303.9,21,10,13,Unfurnished,1,1.48,15503000.0
Model Town,Apartment,1,1,0,1436.6,11,14,21,Unfurnished,1,3.43,14346000.0
Saket,Apartment,3,3,0,897.8,34,7,15,Semi-Furnished,1,0.91,7635000.0
Lajpat Nagar,Builder Floor,4,3,2,1190.2,15,8,17,Fully-Furnished,1,6.8,14155000.0
Hauz Khas,Apartment,2,2,1,1014.7,22,1,10,Unfurnished,0,0.83,13499000.0
Hauz Khas,Apartment,2,2,3,1099.7,14,13,21,Fully-Furnished,0,1.9,14409000.0
Chattarpur,Apartment,3,2,0,417.5,9,9,18,Semi-Furnished,1,1.03,2575000.0
Chattarpur,Apartment,1,1,2,1244.8,3,0,7,Semi-Furnished,2,1.72,7479000.0
Model Town,Apartment,3,2,0,1696.6,28,2,6,Semi-Furnished,1,0.77,16261000.0
Najafgarh,Independent House,4,4,1,2908.6,6,12,13,Unfurnished,2,0.79,14172000.0
Saket,Builder Floor,3,3,3,1369.6,32,9,14,Semi-Furnished,1,0.84,14762000.0
Mayur Vihar,Builder Floor,2,2,1,1197.5,17,2,9,Fully-Furnished,1,0.49,7592000.0
Vasant Vihar,Builder Floor,2,2,1,1320.6,23,5,7,Fully-Furnished,1,3.07,19024000.0
Najafgarh,Builder Floor,1,1,0,1310.7,21,4,11,Semi-Furnished,0,3.63,3672000.0
Dwarka,Apartment,2,2,1,1229.3,37,12,15,Fully-Furnished,0,0.43,7340000.0
Uttam Nagar,Apartment,4,3,3,1608.7,6,14,21,Unfurnished,0,1.56,11107000.0
Defence Colony,Apartment,3,3,3,1373.5,24,0,9,Unfurnished,0,2.35,16502000.0
Defence Colony,Builder Floor,3,2,0,1299.9,27,2,10,Unfurnished,1,1.07,16182000.0
Chattarpur,Independent House,2,2,0,2211.6,19,5,7,Semi-Furnished,1,1.58,14733000.0
Paschim Vihar,Apartment,3,3,2,1003.0,38,4,10,Semi-Furnished,1,1.99,8223000.0
Lajpat Nagar,Villa,2,2,1,3450.1,32,2,6,Fully-Furnished,0,2.36,33403000.0
Golf Links,Independent House,3,3,0,2787.4,27,2,10,Unfurnished,2,4.23,46969000.0
Rohini,Apartment,2,2,2,573.8,31,13,15,Semi-Furnished,0,1.28,2656000.0
Janakpuri,Apartment,1,1,1,1045.0,30,4,12,Semi-Furnished,1,0.29,5391000.0
Defence Colony,Builder Floor,2,2,1,1449.0,10,8,14,Unfurnished,1,0.22,20945000.0
Greater Kailash,Apartment,3,3,1,832.6,34,13,14,Unfurnished,0,3.96,9855000.0
Lajpat Nagar,Independent House,4,4,1,2407.8,8,0,3,Unfurnished,0,3.13,22269000.0
Paschim Vihar,Apartment,2,2,0,1737.4,38,14,23,Unfurnished,0,1.02,11674000.0
Pitampura,Independent House,2,2,1,2399.4,14,2,11,Fully-Furnished,1,1.66,17473000.0
Paschim Vihar,Builder Floor,2,2,1,1149.9,8,13,18,Unfurnished,2,0.05,9951000.0
Hauz Khas,Apartment,3,3,1,760.2,22,6,14,Fully-Furnished,0,0.98,11330000.0
Model Town,Builder Floor,2,2,0,1348.5,24,12,19,Semi-Furnished,1,0.91,11918000.0
Greater Kailash,Apartment,2,2,1,1487.1,15,7,16,Unfurnished,1,4.55,20390000.0
Vikaspuri,Apartment,2,2,1,1062.9,39,2,10,Unfurnished,1,1.33,5983000.0
Shahdara,Apartment,3,3,2,930.5,24,6,7,Semi-Furnished,0,0.56,5146000.0
Golf Links,Apartment,3,3,3,850.4,19,5,12,Unfurnished,1,2.71,15624000.0
Hauz Khas,Independent House,4,4,1,1438.9,6,11,18,Unfurnished,2,1.59,26481000.0
Paschim Vihar,Apartment,3,3,3,578.2,2,3,6,Fully-Furnished,1,2.39,6184000.0
Shahdara,Apartment,2,2,0,1194.2,26,14,16,Semi-Furnished,0,0.57,4904000.0
Uttam Nagar,Builder Floor,1,1,1,1373.4,28,1,3,Unfurnished,2,1.41,5553000.0
Saket,Apartment,3,3,1,917.8,19,4,9,Fully-Furnished,2,3.84,8326000.0
Shahdara,Apartment,3,3,2,1160.7,4,3,6,Unfurnished,0,1.08,6994000.0
Golf Links,Apartment,2,2,2,885.6,0,14,15,Semi-Furnished,1,0.55,19093000.0
Lajpat Nagar,Builder Floor,3,3,0,1107.3,33,6,8,Unfurnished,0,0.99,9450000.0
Paschim Vihar,Apartment,4,4,2,1361.0,29,9,11,Semi-Furnished,2,1.32,12828000.0
Karol Bagh,Independent House,4,3,2,2363.9,28,4,13,Unfurnished,1,0.54,21127000.0
Model Town,Apartment,2,2,0,1134.7,34,13,19,Fully-Furnished,2,2.67,8747000.0
Karol Bagh,Apartment,2,2,2,783.1,21,2,10,Unfurnished,1,0.04,5588000.0
Paschim Vihar,Apartment,1,1,1,1154.3,15,11,17,Unfurnished,1,2.93,8558000.0
Karol Bagh,Apartment,3,3,3,1116.1,13,13,20,Semi-Furnished,1,0.43,11156000.0
Shahdara,Apartment,3,2,1,1296.5,5,2,4,Unfurnished,0,6.02,7154000.0
Janakpuri,Villa,1,1,1,3132.9,4,12,14,Semi-Furnished,0,7.95,26069000.0
Najafgarh,Builder Floor,2,2,3,1759.2,22,6,9,Fully-Furnished,1,5.16,5948000.0
Pitampura,Apartment,2,2,1,1410.8,35,4,5,Unfurnished,2,2.14,6442000.0
Model Town,Independent House,2,2,1,2643.5,1,14,18,Semi-Furnished,1,0.44,33441000.0
Vasant Vihar,Builder Floor,1,1,1,1148.2,32,0,8,Fully-Furnished,0,1.32,18890000.0
Pitampura,Apartment,3,3,1,1152.0,17,6,14,Unfurnished,2,2.61,6760000.0
Chattarpur,Builder Floor,3,3,3,1070.8,19,7,15,Semi-Furnished,0,0.75,6552000.0
Uttam Nagar,Apartment,2,2,2,1686.0,2,1,2,Fully-Furnished,1,2.87,9289000.0
Shahdara,Apartment,4,4,2,1359.7,6,13,17,Fully-Furnished,2,1.01,10246000.0
Shahdara,Apartment,3,3,2,1052.4,19,6,15,Unfurnished,0,1.81,5067000.0
Vasant Vihar,Builder Floor,5,4,3,950.3,13,11,12,Fully-Furnished,1,2.46,22254000.0
Golf Links,Independent House,1,1,1,899.6,12,6,7,Fully-Furnished,1,0.33,18766000.0
Vikaspuri,Independent House,5,3,1,2355.0,5,12,16,Unfurnished,1,3.38,22823000.0
Model Town,Apartment,2,2,0,1733.7,6,10,15,Unfurnished,1,0.36,18841000.0
Defence Colony,Apartment,3,3,2,970.4,37,7,15,Semi-Furnished,1,0.62,12713000.0
Karol Bagh,Builder Floor,1,1,0,893.2,30,2,3,Semi-Furnished,1,0.36,6306000.0
Karol Bagh,Builder Floor,2,2,2,1455.4,5,7,10,Semi-Furnished,0,0.57,14621000.0
Golf Links,Apartment,2,2,0,1172.9,28,9,15,Semi-Furnished,2,0.29,15289000.0
Dwarka,Builder Floor,3,3,2,945.5,21,11,18,Unfurnished,0,1.95,6161000.0
Saket,Apartment,2,2,1,1817.2,27,8,12,Fully-Furnished,0,0.43,20014000.0
Vikaspuri,Builder Floor,3,3,1,1449.4,39,13,20,Unfurnished,0,1.15,8414000.0
Golf Links,Apartment,2,2,1,944.7,23,7,12,Unfurnished,1,6.78,13864000.0
Hauz Khas,Apartment,4,4,1,1143.8,22,10,16,Unfurnished,0,1.09,12398000.0
Rohini,Apartment,1,1,1,729.2,39,10,12,Unfurnished,2,0.95,3230000.0
Mayur Vihar,Apartment,3,2,1,1238.1,8,14,19,Semi-Furnished,0,2.54,8337000.0
Pitampura,Apartment,4,4,2,802.5,14,3,8,Unfurnished,0,2.38,5307000.0
Defence Colony,Villa,2,2,1,2389.4,15,13,17,Fully-Furnished,2,0.77,46618000.0
Mayur Vihar,Apartment,1,1,3,1123.9,27,7,10,Unfurnished,2,2.78,5850000.0
Karol Bagh,Apartment,2,2,3,1680.4,9,10,19,Unfurnished,1,1.02,13126000.0
Model Town,Apartment,2,2,2,1060.2,8,12,17,Unfurnished,2,0.49,10368000.0
Golf Links,Builder Floor,2,2,1,1867.6,11,3,8,Unfurnished,1,2.18,27872000.0
Shahdara,Apartment,4,2,1,1135.9,37,6,12,Unfurnished,0,1.76,5006000.0
Golf Links,Builder Floor,3,3,1,1487.2,33,6,14,Semi-Furnished,1,1.54,24841000.0
Janakpuri,Builder Floor,2,2,2,944.3,21,1,10,Fully-Furnished,1,0.24,5595000.0
Hauz Khas,Builder Floor,3,2,3,1558.0,36,4,5,Semi-Furnished,2,0.73,19609000.0
Paschim Vihar,Apartment,5,3,0,1649.0,3,10,12,Fully-Furnished,0,1.22,17413000.0
Pitampura,Apartment,3,3,0,1070.3,7,0,1,Unfurnished,0,0.08,7891000.0
Pitampura,Apartment,3,3,1,1302.6,12,13,21,Fully-Furnished,1,1.53,9627000.0
Mayur Vihar,Apartment,4,4,1,1429.2,19,5,11,Fully-Furnished,0,1.28,8656000.0
Uttam Nagar,Apartment,5,2,1,897.3,39,2,11,Unfurnished,1,0.6,3646000.0
Chattarpur,Apartment,3,3,1,1075.4,22,8,9,Semi-Furnished,2,2.28,7895000.0
Karol Bagh,Villa,2,2,2,3039.8,16,4,11,Fully-Furnished,2,0.54,35635000.0
Dwarka,Apartment,3,3,1,1098.3,13,4,6,Unfurnished,1,0.29,9144000.0
Lajpat Nagar,Apartment,2,2,1,631.1,34,5,8,Unfurnished,1,0.42,4210000.0
Janakpuri,Apartment,2,2,1,1149.3,17,10,17,Fully-Furnished,0,1.2,10659000.0
Golf Links,Apartment,2,2,1,1072.5,34,1,6,Semi-Furnished,1,3.63,14768000.0
Mayur Vihar,Apartment,2,2,0,936.9,14,7,16,Unfurnished,1,1.35,4892000.0
Defence Colony,Builder Floor,3,3,2,1856.7,6,13,22,Semi-Furnished,1,0.19,33625000.0
Golf Links,Apartment,2,2,0,1552.7,36,1,4,Fully-Furnished,1,0.25,26743000.0
Mayur Vihar,Apartment,4,2,2,885.2,5,2,7,Semi-Furnished,0,1.42,6154000.0
Saket,Villa,3,3,2,2631.4,13,12,18,Semi-Furnished,1,0.13,37346000.0
Pitampura,Villa,2,2,1,2850.3,2,2,10,Fully-Furnished,2,0.11,29347000.0
Janakpuri,Independent House,2,2,1,2168.8,10,13,20,Unfurnished,1,2.51,19587000.0
Greater Kailash,Apartment,2,2,1,1085.8,33,1,10,Semi-Furnished,0,1.21,11131000.0
Saket,Builder Floor,4,4,0,1468.1,28,7,12,Semi-Furnished,0,3.29,15424000.0
Defence Colony,Apartment,2,2,1,898.3,17,6,7,Unfurnished,1,1.34,12692000.0
Golf Links,Apartment,3,3,2,809.1,23,12,19,Unfurnished,0,0.97,14205000.0
Golf Links,Villa,3,3,2,3431.4,38,3,6,Semi-Furnished,1,2.12,49750000.0
Saket,Independent House,5,5,0,2305.3,10,14,16,Fully-Furnished,1,1.55,38309000.0
Dwarka,Builder Floor,2,2,0,1557.4,9,4,13,Unfurnished,1,5.28,11601000.0
Karol Bagh,Apartment,2,2,3,1302.4,4,13,18,Semi-Furnished,1,0.62,12224000.0
Rohini,Apartment,1,1,2,887.0,12,7,14,Semi-Furnished,2,2.67,5069000.0
Saket,Builder Floor,3,2,0,1297.8,20,7,11,Semi-Furnished,1,2.0,15165000.0
Najafgarh,Independent House,3,3,0,2443.3,36,5,12,Semi-Furnished,2,0.04,10465000.0
Najafgarh,Independent House,2,2,1,1784.6,25,12,15,Unfurnished,2,2.51,7375000.0
Defence Colony,Builder Floor,3,3,2,1064.2,26,0,7,Semi-Furnished,0,0.22,18019000.0
Greater Kailash,Independent House,1,1,2,2435.6,21,4,8,Fully-Furnished,0,2.05,32971000.0
Shahdara,Apartment,3,3,2,1289.3,25,12,13,Unfurnished,2,7.47,5643000.0
Hauz Khas,Builder Floor,2,2,2,1518.6,10,0,3,Fully-Furnished,2,0.36,21019000.0
Lajpat Nagar,Apartment,3,3,3,812.4,6,0,1,Unfurnished,1,4.75,6872000.0
Dwarka,Apartment,2,2,1,1673.5,34,13,19,Unfurnished,1,1.45,10253000.0
Model Town,Builder Floor,1,1,3,1056.9,17,1,10,Unfurnished,0,0.49,9905000.0
Mayur Vihar,Independent House,3,3,3,2389.0,36,1,5,Unfurnished,1,2.31,14584000.0
Dwarka,Apartment,2,2,2,999.8,3,11,18,Unfurnished,0,1.7,7668000.0
Karol Bagh,Apartment,3,3,1,1291.2,28,12,14,Semi-Furnished,0,2.54,8834000.0
Uttam Nagar,Apartment,4,3,2,798.3,37,12,14,Fully-Furnished,0,0.01,4319000.0
Saket,Apartment,2,2,2,1619.3,4,5,10,Fully-Furnished,2,0.36,19655000.0
Greater Kailash,Apartment,2,2,1,1342.7,2,13,17,Unfurnished,0,8.56,16035000.0
Pitampura,Apartment,3,3,1,1221.3,12,13,18,Unfurnished,1,2.63,7297000.0
Lajpat Nagar,Apartment,2,2,1,1100.1,2,9,18,Fully-Furnished,1,3.18,12913000.0
Shahdara,Builder Floor,3,3,0,1919.0,39,3,9,Unfurnished,1,0.85,7227000.0
Rohini,Builder Floor,2,2,2,1681.9,26,7,10,Semi-Furnished,0,1.1,10424000.0
Pitampura,Apartment,5,3,0,991.1,7,4,9,Fully-Furnished,1,0.6,9179000.0
Janakpuri,Apartment,3,2,3,904.0,12,6,7,Semi-Furnished,1,1.67,7755000.0
Shahdara,Builder Floor,3,2,1,1874.2,5,13,19,Semi-Furnished,1,5.46,11262000.0
Vikaspuri,Apartment,1,1,1,1005.4,8,14,18,Unfurnished,2,2.48,5615000.0
Golf Links,Apartment,4,3,2,1002.9,18,2,4,Fully-Furnished,0,2.09,21544000.0
Lajpat Nagar,Apartment,1,1,0,1240.5,1,4,12,Unfurnished,1,2.31,10144000.0
Vikaspuri,Builder Floor,2,2,1,1277.9,31,2,4,Unfurnished,2,3.91,7390000.0
Rohini,Apartment,3,2,2,1230.0,25,1,10,Semi-Furnished,0,0.25,6952000.0
Karol Bagh,Apartment,1,1,2,934.6,2,11,18,Semi-Furnished,0,3.27,7616000.0
Defence Colony,Apartment,3,3,0,1137.9,27,11,18,Unfurnished,1,0.03,13849000.0
Golf Links,Independent House,3,2,2,1186.8,1,8,14,Unfurnished,2,1.54,33271000.0
Defence Colony,Builder Floor,5,3,0,1074.8,21,6,15,Fully-Furnished,2,7.72,18948000.0
Defence Colony,Apartment,3,3,0,933.8,11,12,19,Fully-Furnished,2,2.89,16291000.0
Najafgarh,Builder Floor,2,2,1,1517.5,14,3,4,Semi-Furnished,0,2.5,5376000.0
Paschim Vihar,Apartment,2,2,0,1178.4,17,12,19,Fully-Furnished,1,0.16,10369000.0
Shahdara,Apartment,3,3,2,687.5,12,1,8,Unfurnished,0,1.62,3206000.0
Pitampura,Apartment,2,2,1,1926.6,19,8,12,Fully-Furnished,1,0.22,12615000.0
Najafgarh,Apartment,1,1,1,532.4,39,13,16,Unfurnished,2,0.95,1486000.0
Shahdara,Apartment,3,2,2,562.5,37,2,6,Semi-Furnished,1,1.66,2715000.0
Saket,Builder Floor,4,4,0,1080.1,30,7,8,Semi-Furnished,0,0.26,14993000.0
Janakpuri,Independent House,1,1,3,1648.2,8,11,14,Fully-Furnished,0,2.23,15626000.0
Model Town,Apartment,4,4,2,1022.0,29,6,9,Unfurnished,0,0.94,9110000.0
Uttam Nagar,Builder Floor,3,3,2,1218.7,37,6,9,Semi-Furnished,1,0.23,5191000.0
Lajpat Nagar,Builder Floor,3,3,3,1414.2,11,2,7,Semi-Furnished,1,2.28,13020000.0
Karol Bagh,Builder Floor,2,2,1,1439.2,12,4,8,Unfurnished,1,0.46,11840000.0
Greater Kailash,Apartment,4,3,1,939.7,2,11,15,Semi-Furnished,1,2.57,16581000.0
Shahdara,Apartment,2,2,1,1025.0,23,5,7,Unfurnished,0,0.44,4286000.0
Rohini,Builder Floor,2,2,1,1144.3,27,7,14,Unfurnished,2,2.1,6218000.0
Greater Kailash,Builder Floor,2,2,2,1390.9,7,3,7,Semi-Furnished,2,0.33,24163000.0
Dwarka,Independent House,4,3,0,1530.8,37,3,5,Unfurnished,1,1.36,8974000.0
Defence Colony,Independent House,4,4,2,1831.4,2,6,13,Semi-Furnished,0,0.5,33817000.0
Model Town,Builder Floor,2,2,2,1576.2,24,2,9,Unfurnished,1,0.04,16550000.0
Hauz Khas,Apartment,4,3,0,1560.3,29,5,8,Unfurnished,1,4.67,20505000.0
Mayur Vihar,Villa,3,3,3,3054.7,1,12,13,Fully-Furnished,2,2.98,28876000.0
Vasant Vihar,Builder Floor,3,3,2,1546.7,32,13,21,Unfurnished,0,1.53,22996000.0
Karol Bagh,Apartment,5,3,2,1004.4,24,2,9,Semi-Furnished,1,0.04,9168000.0
Najafgarh,Apartment,2,2,1,1558.6,39,1,2,Fully-Furnished,1,2.61,5222000.0
Pitampura,Apartment,2,2,2,1181.9,12,0,4,Unfurnished,0,0.43,6497000.0
Shahdara,Apartment,2,2,1,1334.0,35,6,11,Unfurnished,1,0.37,5945000.0
Hauz Khas,Builder Floor,3,3,2,1181.4,15,6,12,Unfurnished,1,0.62,16992000.0
Dwarka,Apartment,4,4,1,1123.0,33,12,19,Unfurnished,2,4.73,7054000.0
Golf Links,Apartment,2,2,1,1783.1,19,9,14,Unfurnished,2,4.87,25026000.0
Janakpuri,Builder Floor,1,1,0,1581.0,24,2,5,Fully-Furnished,1,1.42,10731000.0
Janakpuri,Apartment,3,3,2,1020.4,16,9,17,Unfurnished,2,2.31,8882000.0
Paschim Vihar,Builder Floor,3,3,0,1035.0,11,6,7,Unfurnished,1,4.34,7033000.0
Dwarka,Builder Floor,3,2,1,1491.9,4,1,9,Semi-Furnished,1,0.4,12580000.0
Lajpat Nagar,Apartment,3,3,1,857.4,28,5,11,Unfurnished,1,0.07,7345000.0
Dwarka,Apartment,3,2,0,587.1,22,13,21,Unfurnished,1,1.04,3731000.0
Saket,Independent House,4,3,1,2758.4,35,14,21,Unfurnished,1,3.18,30359000.0
Pitampura,Builder Floor,2,2,0,1409.7,18,2,4,Unfurnished,1,7.04,8219000.0
Najafgarh,Apartment,2,2,2,1059.7,9,6,13,Unfurnished,2,0.28,4515000.0
Dwarka,Apartment,1,1,0,904.9,11,2,6,Semi-Furnished,2,3.86,6069000.0
Karol Bagh,Builder Floor,1,1,2,1506.0,12,14,16,Unfurnished,1,2.67,11183000.0
Hauz Khas,Apartment,1,1,0,927.8,18,6,12,Unfurnished,2,0.53,10760000.0
Lajpat Nagar,Builder Floor,4,3,2,1639.4,5,0,9,Fully-Furnished,0,1.37,17567000.0
Vasant Vihar,Independent House,2,2,1,1532.9,19,0,4,Unfurnished,0,0.67,25768000.0
Shahdara,Apartment,2,2,0,870.2,35,5,9,Unfurnished,1,0.83,3195000.0
Dwarka,Apartment,4,3,1,1165.6,23,2,11,Semi-Furnished,2,4.14,8399000.0
Karol Bagh,Independent House,1,1,2,1679.2,13,7,10,Unfurnished,2,2.76,10556000.0
Najafgarh,Builder Floor,3,3,1,1363.7,33,9,15,Fully-Furnished,1,0.43,5992000.0
Janakpuri,Apartment,3,3,1,1206.4,7,2,10,Unfurnished,1,1.33,11543000.0
Karol Bagh,Builder Floor,3,3,2,1338.2,30,0,2,Fully-Furnished,0,1.22,11223000.0
Pitampura,Apartment,3,3,0,771.0,10,14,18,Semi-Furnished,0,4.46,5340000.0
Paschim Vihar,Apartment,2,2,1,979.7,25,6,12,Unfurnished,1,1.64,7199000.0
Vasant Vihar,Builder Floor,2,2,3,1779.6,19,1,2,Unfurnished,1,3.3,27348000.0
Defence Colony,Apartment,3,3,2,1179.1,1,5,6,Unfurnished,2,0.74,23151000.0
Defence Colony,Apartment,3,3,2,619.1,13,11,14,Unfurnished,1,0.96,9051000.0
Shahdara,Independent House,2,2,2,1725.2,8,3,8,Unfurnished,0,0.83,11204000.0
Pitampura,Apartment,4,3,0,1357.4,6,4,5,Fully-Furnished,2,2.74,11630000.0
Shahdara,Independent House,3,2,0,2451.9,9,7,15,Unfurnished,1,5.76,13562000.0
Paschim Vihar,Builder Floor,3,3,2,1063.2,38,12,13,Fully-Furnished,1,2.75,8039000.0
Greater Kailash,Apartment,2,2,0,1242.7,24,10,19,Unfurnished,2,1.25,12811000.0
Shahdara,Independent House,5,3,1,1739.9,35,3,8,Fully-Furnished,1,0.24,11604000.0
Hauz Khas,Independent House,2,2,1,1899.2,17,9,16,Unfurnished,1,1.4,22064000.0
Hauz Khas,Apartment,4,4,1,1509.2,38,12,18,Unfurnished,0,2.33,16609000.0
Uttam Nagar,Apartment,1,1,0,1086.1,10,11,14,Semi-Furnished,1,3.41,4706000.0
Pitampura,Apartment,3,2,0,727.3,19,8,10,Unfurnished,0,5.39,3690000.0
Greater Kailash,Builder Floor,5,5,1,2171.6,1,13,15,Semi-Furnished,0,6.55,29510000.0
Rohini,Builder Floor,4,4,0,1407.4,37,10,15,Unfurnished,1,1.79,6858000.0
Paschim Vihar,Apartment,2,2,0,993.5,25,14,21,Fully-Furnished,1,0.04,6543000.0
Lajpat Nagar,Builder Floor,4,4,1,1016.3,35,6,15,Unfurnished,1,6.34,7720000.0
Greater Kailash,Apartment,2,2,1,841.0,37,5,13,Semi-Furnished,0,0.02,11358000.0
Karol Bagh,Apartment,4,3,1,1305.1,15,2,4,Semi-Furnished,1,1.3,12524000.0
Chattarpur,Apartment,4,2,1,1389.2,29,8,11,Fully-Furnished,1,2.88,9721000.0
Mayur Vihar,Apartment,4,3,1,1306.4,36,10,14,Unfurnished,0,0.38,7053000.0
Rohini,Independent House,4,4,0,1628.2,19,11,15,Semi-Furnished,1,0.96,11449000.0
Pitampura,Independent House,1,1,0,1435.8,18,0,5,Unfurnished,1,0.73,9422000.0
Pitampura,Builder Floor,3,3,0,1302.0,12,13,15,Unfurnished,2,0.2,9083000.0
Mayur Vihar,Builder Floor,2,2,1,1071.0,32,13,15,Unfurnished,0,3.7,6254000.0
Vasant Vihar,Builder Floor,1,1,2,1118.6,10,12,21,Unfurnished,0,2.23,16730000.0
Chattarpur,Builder Floor,3,3,0,994.2,7,5,9,Fully-Furnished,1,2.37,6655000.0
Vikaspuri,Builder Floor,3,3,1,1084.5,26,10,11,Unfurnished,1,0.98,5511000.0
Uttam Nagar,Apartment,4,3,0,899.6,22,10,15,Unfurnished,2,0.15,4224000.0
Chattarpur,Apartment,4,4,1,839.1,14,10,14,Unfurnished,0,2.2,6405000.0
Karol Bagh,Apartment,4,4,3,886.4,36,14,18,Unfurnished,1,1.41,8982000.0
Pitampura,Apartment,3,2,1,1048.2,24,10,18,Fully-Furnished,1,1.26,7736000.0
Pitampura,Apartment,2,2,3,1163.0,15,14,22,Semi-Furnished,1,0.98,7704000.0
Golf Links,Apartment,2,2,0,956.6,28,0,4,Semi-Furnished,1,1.63,13436000.0
Shahdara,Apartment,3,3,0,925.5,23,10,16,Unfurnished,0,0.19,3792000.0
Chattarpur,Builder Floor,2,2,2,1226.1,37,6,7,Fully-Furnished,1,12.68,6165000.0
Karol Bagh,Apartment,3,3,3,1055.9,27,13,18,Fully-Furnished,1,0.42,8019000.0
Chattarpur,Builder Floor,1,1,0,1068.7,39,11,17,Fully-Furnished,1,1.32,4917000.0
Najafgarh,Apartment,3,3,1,711.7,29,6,13,Semi-Furnished,1,4.03,2545000.0
Pitampura,Villa,3,3,1,3630.6,33,8,11,Semi-Furnished,2,1.41,30217000.0
Vasant Vihar,Apartment,2,2,1,736.2,18,10,16,Unfurnished,1,2.62,12012000.0
Paschim Vihar,Independent House,1,1,1,2428.9,27,9,17,Fully-Furnished,2,0.85,20956000.0
Model Town,Apartment,3,3,1,1131.2,3,11,15,Unfurnished,2,1.8,12576000.0
Shahdara,Apartment,4,4,1,1339.0,36,2,10,Unfurnished,1,2.02,6964000.0
Dwarka,Apartment,2,2,2,927.0,23,1,10,Fully-Furnished,0,3.85,5920000.0
Pitampura,Independent House,4,4,3,2684.4,12,10,16,Unfurnished,2,1.58,24065000.0
Shahdara,Builder Floor,2,2,1,1351.3,30,11,20,Semi-Furnished,2,2.17,6379000.0
Uttam Nagar,Villa,4,2,1,4008.0,14,9,10,Fully-Furnished,2,4.91,31225000.0
Paschim Vihar,Builder Floor,2,2,3,1001.0,20,12,21,Unfurnished,0,2.22,8585000.0
Janakpuri,Apartment,1,1,1,1014.1,4,9,13,Unfurnished,0,0.06,7121000.0
Karol Bagh,Builder Floor,3,3,1,1227.8,25,12,13,Semi-Furnished,2,3.88,10001000.0
Najafgarh,Apartment,2,2,0,984.8,2,0,3,Semi-Furnished,1,2.04,4020000.0
Shahdara,Apartment,1,1,2,1271.1,3,0,2,Unfurnished,1,2.95,5966000.0
Lajpat Nagar,Apartment,2,2,1,1132.2,16,13,22,Unfurnished,0,3.36,8819000.0
Karol Bagh,Independent House,3,3,0,1867.9,34,4,9,Unfurnished,0,0.63,14464000.0
Lajpat Nagar,Builder Floor,3,3,1,1879.5,37,5,10,Semi-Furnished,2,0.8,14897000.0
Shahdara,Apartment,2,2,2,1167.2,27,0,4,Unfurnished,0,2.63,4904000.0
Pitampura,Independent House,1,1,0,2441.3,38,7,10,Unfurnished,0,2.3,13696000.0
Model Town,Apartment,2,2,3,1650.3,32,13,20,Semi-Furnished,0,3.32,14984000.0
Uttam Nagar,Independent House,2,2,2,2311.1,8,1,2,Semi-Furnished,1,1.04,13969000.0
Defence Colony,Independent House,2,2,0,1528.9,3,6,7,Fully-Furnished,1,1.57,37455000.0
Chattarpur,Apartment,3,3,0,1038.7,27,4,8,Semi-Furnished,1,0.21,6417000.0
Greater Kailash,Apartment,2,2,1,1201.4,0,2,5,Unfurnished,0,0.66,18652000.0
Hauz Khas,Apartment,3,2,2,1271.9,30,4,13,Semi-Furnished,1,1.38,17021000.0
Uttam Nagar,Apartment,1,1,1,1203.8,37,0,7,Fully-Furnished,1,0.69,5419000.0
Defence Colony,Apartment,2,2,2,1111.3,9,8,11,Unfurnished,0,2.59,17760000.0
Model Town,Apartment,2,2,1,1601.4,6,7,13,Semi-Furnished,0,0.63,14671000.0
Dwarka,Apartment,5,3,2,1151.4,25,0,4,Unfurnished,2,1.65,6933000.0
Rohini,Builder Floor,4,3,1,1476.1,8,2,5,Semi-Furnished,1,6.39,8831000.0
Paschim Vihar,Apartment,3,3,1,1507.2,20,2,11,Unfurnished,1,3.67,13080000.0
Dwarka,Apartment,2,2,2,1215.1,19,9,18,Unfurnished,0,3.02,8085000.0
Saket,Builder Floor,3,3,2,1138.5,16,14,19,Unfurnished,0,1.42,13295000.0
Vikaspuri,Independent House,3,3,3,2135.2,31,8,14,Semi-Furnished,0,6.05,13796000.0
Vikaspuri,Builder Floor,2,2,1,1183.2,32,2,7,Semi-Furnished,1,2.45,5898000.0
Mayur Vihar,Independent House,3,2,0,2636.2,4,10,12,Fully-Furnished,2,3.33,19698000.0
Rohini,Apartment,3,3,1,800.5,38,14,20,Fully-Furnished,1,0.7,4782000.0
Najafgarh,Builder Floor,2,2,2,969.4,26,8,16,Semi-Furnished,0,2.62,3278000.0
Vasant Vihar,Apartment,2,2,2,1337.2,35,12,13,Semi-Furnished,2,3.64,20134000.0
Greater Kailash,Apartment,1,1,1,1421.5,15,8,10,Unfurnished,0,2.82,14258000.0
Shahdara,Apartment,3,2,0,915.2,21,10,18,Semi-Furnished,1,2.52,4155000.0
Janakpuri,Builder Floor,3,3,1,1459.6,29,8,14,Unfurnished,1,2.36,9865000.0
Najafgarh,Apartment,2,2,3,905.1,35,9,10,Fully-Furnished,0,0.11,3579000.0
Greater Kailash,Apartment,3,3,1,1539.4,37,7,8,Semi-Furnished,1,0.31,24574000.0
Greater Kailash,Independent House,2,2,1,2074.0,19,12,13,Unfurnished,0,1.64,30354000.0
Rohini,Apartment,3,3,2,1116.5,12,13,20,Unfurnished,1,0.15,6725000.0
Defence Colony,Apartment,3,2,1,862.0,0,7,13,Semi-Furnished,2,0.11,16305000.0
Lajpat Nagar,Builder Floor,2,2,1,1813.5,1,14,20,Semi-Furnished,1,2.6,17440000.0
Rohini,Apartment,3,3,1,760.0,1,8,12,Semi-Furnished,1,2.17,5272000.0
Mayur Vihar,Independent House,2,2,1,1917.2,17,5,7,Unfurnished,1,0.18,10990000.0
Lajpat Nagar,Builder Floor,2,2,0,1751.5,22,13,19,Semi-Furnished,0,0.78,16838000.0
Greater Kailash,Apartment,4,3,1,1427.0,7,3,12,Semi-Furnished,0,0.7,22881000.0
Model Town,Builder Floor,2,2,3,2008.3,2,10,14,Unfurnished,0,3.87,20267000.0
Mayur Vihar,Apartment,3,3,1,1350.7,4,4,6,Unfurnished,0,0.5,8411000.0
Shahdara,Independent House,2,2,2,872.3,38,12,14,Unfurnished,1,2.6,3478000.0
Greater Kailash,Builder Floor,3,2,1,1351.4,30,3,9,Fully-Furnished,0,1.22,20636000.0
Defence Colony,Builder Floor,2,2,2,1368.3,1,7,10,Fully-Furnished,0,4.88,25646000.0
Pitampura,Apartment,2,2,1,1394.4,12,7,16,Fully-Furnished,1,0.68,10452000.0
Karol Bagh,Apartment,5,2,1,657.4,8,6,8,Fully-Furnished,0,5.63,7634000.0
Greater Kailash,Independent House,2,2,2,1412.4,25,0,8,Fully-Furnished,0,3.46,20529000.0
Najafgarh,Apartment,3,3,1,1091.7,34,3,9,Semi-Furnished,2,8.11,3862000.0
Mayur Vihar,Apartment,2,2,2,1157.9,0,2,10,Unfurnished,2,0.18,8619000.0
Najafgarh,Builder Floor,1,1,1,1705.9,28,9,16,Semi-Furnished,1,0.23,4358000.0
Dwarka,Builder Floor,4,4,1,1218.5,14,5,6,Unfurnished,1,1.76,10139000.0
Saket,Builder Floor,3,3,0,1425.2,29,11,18,Semi-Furnished,1,0.38,14344000.0
Uttam Nagar,Independent House,4,4,3,2228.4,6,3,11,Unfurnished,1,1.82,15170000.0
Defence Colony,Apartment,4,3,0,1366.6,29,2,9,Unfurnished,2,2.83,22627000.0
Karol Bagh,Apartment,3,3,1,1239.1,9,12,15,Unfurnished,1,0.29,12559000.0
Mayur Vihar,Independent House,3,3,1,2213.8,19,8,10,Semi-Furnished,0,5.12,14466000.0
Chattarpur,Builder Floor,1,1,1,1658.4,12,3,6,Semi-Furnished,1,0.71,9139000.0
Saket,Independent House,3,3,2,2382.9,28,8,12,Semi-Furnished,0,0.02,28651000.0
Rohini,Builder Floor,2,2,2,1445.4,20,13,16,Unfurnished,2,0.85,7764000.0
Mayur Vihar,Apartment,4,2,2,1305.3,36,14,17,Semi-Furnished,1,1.16,8123000.0
Model Town,Apartment,4,3,1,1109.5,3,4,13,Unfurnished,2,0.26,13248000.0
Hauz Khas,Builder Floor,2,2,1,1396.0,33,10,12,Semi-Furnished,0,0.8,15319000.0
Pitampura,Apartment,2,2,1,1517.1,16,11,20,Semi-Furnished,2,1.19,11608000.0
Model Town,Villa,5,3,3,4249.4,9,12,13,Unfurnished,2,2.88,56763000.0
Rohini,Villa,3,3,0,2529.7,16,13,19,Unfurnished,1,0.75,17632000.0
Model Town,Apartment,3,2,2,549.9,24,14,23,Fully-Furnished,0,3.01,5765000.0
Golf Links,Independent House,2,2,2,2585.2,28,5,8,Unfurnished,1,2.47,44276000.0
Saket,Apartment,2,2,2,1030.1,39,10,18,Semi-Furnished,1,4.08,9802000.0
Saket,Apartment,3,3,1,1035.2,30,2,5,Fully-Furnished,1,2.1,10371000.0
Rohini,Apartment,5,2,0,1300.6,23,8,15,Unfurnished,0,0.51,8280000.0
Karol Bagh,Apartment,4,3,1,968.1,5,0,2,Unfurnished,0,0.95,8789000.0
Najafgarh,Builder Floor,3,3,0,1917.7,32,1,6,Unfurnished,1,0.59,7236000.0
Vasant Vihar,Apartment,2,2,0,845.1,11,0,4,Unfurnished,1,7.69,11455000.0
Karol Bagh,Builder Floor,2,2,0,1261.6,24,9,15,Unfurnished,0,0.75,9587000.0
Dwarka,Builder Floor,3,3,2,1144.2,3,5,7,Unfurnished,1,2.16,9436000.0
Golf Links,Apartment,2,2,3,1468.2,22,11,13,Unfurnished,0,11.09,18525000.0
Najafgarh,Apartment,3,2,0,1114.8,11,14,17,Unfurnished,1,0.91,4504000.0
Najafgarh,Builder Floor,4,4,0,1065.3,30,0,9,Semi-Furnished,0,0.51,4193000.0
Dwarka,Builder Floor,4,3,0,1668.7,12,11,16,Fully-Furnished,1,0.15,12333000.0
Defence Colony,Apartment,5,4,1,1202.1,38,9,18,Semi-Furnished,0,0.27,19172000.0
Vasant Vihar,Apartment,2,2,1,945.0,17,9,11,Fully-Furnished,2,0.96,15223000.0
Mayur Vihar,Apartment,3,3,2,1267.1,23,11,16,Fully-Furnished,1,2.73,6740000.0
Saket,Apartment,2,2,0,1155.2,16,1,6,Semi-Furnished,2,1.62,11021000.0
Najafgarh,Apartment,4,2,2,1742.9,16,11,17,Unfurnished,2,1.27,7346000.0
Najafgarh,Apartment,3,3,2,1414.3,13,6,12,Unfurnished,1,2.34,4095000.0
Uttam Nagar,Apartment,2,2,0,545.3,17,12,20,Semi-Furnished,2,0.6,2511000.0
Mayur Vihar,Builder Floor,5,4,3,1321.5,18,3,6,Semi-Furnished,1,1.78,8535000.0
Najafgarh,Villa,3,3,1,3583.7,5,6,11,Unfurnished,1,0.96,18948000.0
Vasant Vihar,Apartment,2,2,1,999.7,19,13,19,Unfurnished,1,0.25,16785000.0
Defence Colony,Apartment,2,2,1,1093.7,26,3,8,Unfurnished,1,0.6,11863000.0
Mayur Vihar,Independent House,2,2,2,2442.5,23,0,3,Unfurnished,2,0.31,16007000.0
Greater Kailash,Builder Floor,3,3,1,1596.4,13,10,15,Unfurnished,1,1.47,21920000.0
Najafgarh,Villa,3,3,2,3330.4,38,14,20,Semi-Furnished,0,1.09,15533000.0
Hauz Khas,Builder Floor,3,3,0,1319.5,39,0,8,Fully-Furnished,2,0.68,16979000.0
Golf Links,Villa,2,2,1,2574.8,15,9,15,Unfurnished,1,0.0,57184000.0
Shahdara,Apartment,3,3,1,1493.6,20,1,4,Semi-Furnished,2,1.2,8916000.0
Defence Colony,Apartment,2,2,2,976.0,39,8,15,Unfurnished,1,1.04,11934000.0
Defence Colony,Apartment,4,3,2,850.8,23,3,8,Unfurnished,2,1.81,13092000.0
Hauz Khas,Apartment,2,2,3,950.3,20,14,18,Semi-Furnished,2,0.37,14408000.0
Pitampura,Independent House,3,3,2,1984.0,10,14,23,Fully-Furnished,1,0.38,19137000.0
Golf Links,Apartment,2,2,0,1456.3,2,8,12,Unfurnished,1,1.27,22858000.0
Golf Links,Builder Floor,4,2,1,2019.3,30,12,17,Unfurnished,1,1.03,37465000.0
Uttam Nagar,Apartment,2,2,1,1315.6,14,10,19,Semi-Furnished,0,0.92,6533000.0
Vasant Vihar,Independent House,5,4,1,1913.3,0,11,20,Fully-Furnished,1,3.59,53165000.0
Dwarka,Apartment,4,3,3,621.4,34,10,13,Fully-Furnished,1,4.36,4678000.0
Janakpuri,Apartment,3,3,3,1732.0,0,11,16,Unfurnished,1,0.52,18257000.0
Vikaspuri,Apartment,4,3,3,810.9,1,2,5,Unfurnished,0,1.38,4963000.0
Rohini,Villa,1,1,1,3153.7,1,2,9,Unfurnished,1,1.8,21623000.0
Shahdara,Apartment,3,3,1,954.5,3,5,11,Unfurnished,1,1.48,5657000.0
Karol Bagh,Independent House,5,3,1,2976.5,34,0,9,Fully-Furnished,1,0.54,33265000.0
Mayur Vihar,Apartment,1,1,2,1106.7,33,9,14,Semi-Furnished,2,0.13,6812000.0
Mayur Vihar,Independent House,2,2,1,1995.4,32,13,16,Unfurnished,0,0.88,12278000.0
Lajpat Nagar,Apartment,3,3,3,841.6,27,1,10,Unfurnished,1,0.68,8272000.0
Greater Kailash,Apartment,3,3,0,910.0,2,4,7,Fully-Furnished,1,2.76,15059000.0
Shahdara,Apartment,2,2,0,883.9,20,13,22,Unfurnished,1,0.15,3653000.0
Defence Colony,Apartment,2,2,1,750.8,11,6,12,Unfurnished,2,0.52,10743000.0
Rohini,Builder Floor,2,2,1,1729.1,7,6,11,Unfurnished,0,0.24,9613000.0
Defence Colony,Villa,2,2,0,4364.6,19,14,16,Unfurnished,1,2.88,71714000.0
Rohini,Apartment,3,3,1,1150.9,39,1,8,Unfurnished,2,0.85,5214000.0
Vasant Vihar,Apartment,2,2,1,1149.3,23,5,11,Unfurnished,0,4.22,15730000.0
Karol Bagh,Apartment,4,3,0,1305.5,26,5,7,Fully-Furnished,0,1.4,9128000.0
Rohini,Builder Floor,4,3,2,1429.0,35,1,6,Fully-Furnished,1,1.16,8746000.0
Karol Bagh,Builder Floor,3,3,0,1256.1,36,2,11,Semi-Furnished,0,3.61,9076000.0
Vikaspuri,Independent House,3,3,3,2624.1,12,11,13,Unfurnished,2,0.24,17949000.0
Uttam Nagar,Apartment,3,3,0,723.8,14,11,19,Semi-Furnished,1,0.74,3492000.0
Hauz Khas,Apartment,2,2,1,1195.3,7,13,14,Unfurnished,2,0.91,15262000.0
Janakpuri,Apartment,3,3,2,1091.1,11,8,14,Fully-Furnished,1,3.0,9414000.0
Vikaspuri,Builder Floor,2,2,2,1847.8,24,8,14,Semi-Furnished,0,1.8,12711000.0
Lajpat Nagar,Apartment,3,3,2,916.5,39,7,15,Unfurnished,1,1.24,6950000.0
Greater Kailash,Apartment,2,2,3,918.5,19,0,7,Unfurnished,1,0.83,13802000.0
Hauz Khas,Apartment,2,2,0,670.5,8,10,15,Semi-Furnished,1,1.79,8917000.0
Najafgarh,Independent House,1,1,1,1378.7,35,11,17,Semi-Furnished,1,0.61,5012000.0
Pitampura,Independent House,1,1,1,2320.3,31,1,6,Semi-Furnished,0,0.46,16092000.0
Hauz Khas,Apartment,2,2,0,1141.4,31,4,6,Semi-Furnished,1,1.15,10315000.0
Golf Links,Independent House,2,2,2,1044.3,13,0,9,Semi-Furnished,2,0.19,23998000.0
Saket,Apartment,4,3,1,722.6,26,8,10,Semi-Furnished,0,11.61,7596000.0
Dwarka,Apartment,4,3,2,828.8,15,5,6,Semi-Furnished,1,8.35,7080000.0
Rohini,Apartment,3,3,1,556.1,27,3,5,Fully-Furnished,1,0.24,2885000.0
Vikaspuri,Villa,4,4,1,2731.2,34,6,11,Fully-Furnished,1,2.67,20978000.0
Rohini,Apartment,1,1,2,1110.3,26,12,17,Unfurnished,1,3.62,4290000.0
Golf Links,Builder Floor,2,2,1,1636.2,34,0,5,Semi-Furnished,2,3.24,28282000.0
Model Town,Independent House,3,3,1,1703.0,24,3,12,Unfurnished,2,0.95,17623000.0
Saket,Builder Floor,2,2,0,1756.1,0,5,10,Semi-Furnished,0,2.44,18091000.0
Mayur Vihar,Apartment,3,3,3,505.6,7,6,8,Unfurnished,1,4.24,3214000.0
Vasant Vihar,Builder Floor,3,3,1,1588.5,3,4,11,Semi-Furnished,0,1.77,35525000.0
Lajpat Nagar,Independent House,3,3,0,1914.5,4,9,11,Unfurnished,1,1.09,16172000.0
Pitampura,Apartment,2,2,2,1240.5,3,12,17,Unfurnished,0,1.63,8638000.0
Saket,Independent House,5,4,2,1748.7,7,0,5,Unfurnished,1,0.06,30785000.0
Lajpat Nagar,Independent House,3,3,0,2405.6,2,0,9,Unfurnished,0,2.25,30367000.0
Golf Links,Apartment,3,3,1,1065.3,5,10,18,Semi-Furnished,2,2.27,24869000.0
Vasant Vihar,Apartment,2,2,2,1110.4,21,2,5,Semi-Furnished,2,5.69,19223000.0
Janakpuri,Apartment,2,2,1,1476.1,34,3,4,Unfurnished,2,1.2,10815000.0
Lajpat Nagar,Apartment,3,3,0,1022.5,27,6,9,Semi-Furnished,1,0.04,9797000.0
Lajpat Nagar,Apartment,1,1,1,1030.9,27,4,6,Unfurnished,0,0.63,6637000.0
Vikaspuri,Apartment,2,2,2,1136.7,25,3,9,Unfurnished,1,0.28,6802000.0
Uttam Nagar,Apartment,3,3,1,799.8,4,9,11,Unfurnished,1,2.18,3957000.0
Vikaspuri,Builder Floor,3,2,0,1024.5,28,3,9,Fully-Furnished,2,5.46,6183000.0
Pitampura,Builder Floor,2,2,1,1753.5,17,0,5,Unfurnished,1,1.99,11075000.0
Saket,Builder Floor,4,3,2,1389.0,31,9,11,Semi-Furnished,0,0.87,13417000.0
Defence Colony,Apartment,3,2,2,829.9,16,7,11,Unfurnished,2,1.92,14809000.0
Paschim Vihar,Apartment,4,3,1,999.2,32,10,19,Unfurnished,1,0.38,7905000.0
Saket,Apartment,3,3,2,1694.5,25,10,14,Fully-Furnished,1,1.01,19588000.0
Model Town,Apartment,2,2,2,1353.8,21,7,8,Unfurnished,0,1.58,11530000.0
Model Town,Builder Floor,3,3,2,1220.2,39,12,20,Semi-Furnished,1,2.12,11837000.0
Paschim Vihar,Apartment,4,4,2,948.6,6,4,9,Semi-Furnished,1,0.2,9484000.0
Dwarka,Apartment,3,2,2,1094.0,26,2,3,Unfurnished,0,0.2,7349000.0
Shahdara,Apartment,2,2,2,1111.9,6,12,15,Semi-Furnished,0,3.59,5034000.0
Dwarka,Builder Floor,2,2,2,2062.6,20,11,15,Fully-Furnished,2,0.42,18362000.0
Lajpat Nagar,Villa,3,2,0,3455.4,5,1,8,Fully-Furnished,0,1.84,37711000.0
Paschim Vihar,Apartment,3,2,0,938.2,9,8,13,Unfurnished,2,0.16,6283000.0
Hauz Khas,Builder Floor,5,5,3,1809.7,22,5,10,Semi-Furnished,2,0.46,30357000.0
Saket,Independent House,1,1,2,1529.2,2,7,16,Fully-Furnished,2,1.96,23592000.0
Shahdara,Apartment,3,3,2,1141.1,5,11,16,Semi-Furnished,0,0.15,4951000.0
Rohini,Apartment,4,3,1,1219.4,6,13,15,Unfurnished,1,0.13,9747000.0
Lajpat Nagar,Apartment,3,2,1,1165.2,33,0,6,Unfurnished,1,1.89,8939000.0
Dwarka,Builder Floor,3,3,0,1136.3,33,6,10,Unfurnished,2,1.08,6327000.0
Model Town,Independent House,1,1,1,2395.2,6,6,8,Unfurnished,1,1.08,27422000.0
Karol Bagh,Builder Floor,2,2,3,1487.4,4,12,13,Unfurnished,1,2.39,12642000.0
Uttam Nagar,Builder Floor,3,3,0,944.7,25,9,13,Semi-Furnished,2,1.03,4866000.0
Lajpat Nagar,Apartment,2,2,0,1294.1,29,9,12,Unfurnished,0,1.59,8533000.0
Pitampura,Apartment,1,1,1,1022.2,23,7,9,Unfurnished,1,1.01,4831000.0
Janakpuri,Apartment,3,3,1,1113.0,4,14,16,Unfurnished,0,0.33,9788000.0
Rohini,Independent House,2,2,2,2148.4,37,9,18,Fully-Furnished,1,0.65,12597000.0
Model Town,Apartment,2,2,2,897.8,3,12,20,Unfurnished,1,0.22,10592000.0
Lajpat Nagar,Builder Floor,4,4,2,1657.6,34,7,15,Semi-Furnished,1,0.28,15031000.0
Saket,Apartment,5,3,1,1456.8,32,7,12,Fully-Furnished,1,4.65,17127000.0
Dwarka,Independent House,2,2,0,2098.7,21,0,1,Semi-Furnished,1,1.22,17138000.0
Janakpuri,Independent House,2,2,1,1622.0,26,6,10,Unfurnished,1,0.05,14021000.0
Vikaspuri,Builder Floor,2,2,1,838.1,25,7,8,Unfurnished,1,0.77,6203000.0
Vikaspuri,Apartment,3,3,2,643.2,32,6,11,Semi-Furnished,1,4.85,4151000.0
Vikaspuri,Apartment,2,2,0,1098.8,8,0,6,Unfurnished,0,1.3,6971000.0
Saket,Apartment,3,3,1,868.7,4,7,12,Fully-Furnished,2,0.46,11413000.0
Saket,Apartment,4,3,2,588.0,18,1,8,Semi-Furnished,1,1.01,7282000.0
Rohini,Apartment,4,4,1,1455.6,13,14,23,Fully-Furnished,1,0.23,7633000.0
Greater Kailash,Builder Floor,2,2,0,1479.6,8,8,13,Fully-Furnished,0,7.07,20656000.0
Pitampura,Builder Floor,1,1,1,1724.5,7,1,2,Unfurnished,0,1.09,9711000.0
Model Town,Apartment,1,1,0,592.2,36,11,20,Semi-Furnished,2,1.56,4486000.0
Chattarpur,Independent House,1,1,2,1889.2,31,1,10,Semi-Furnished,1,5.2,10681000.0
Defence Colony,Apartment,3,3,2,996.0,6,9,13,Unfurnished,0,2.17,15450000.0
Paschim Vihar,Apartment,3,3,1,1339.1,31,12,17,Semi-Furnished,0,1.36,11317000.0
Chattarpur,Builder Floor,2,2,1,833.0,27,0,5,Fully-Furnished,0,0.03,6077000.0
Vasant Vihar,Builder Floor,5,4,1,1144.8,11,11,12,Fully-Furnished,0,1.95,24789000.0
Paschim Vihar,Apartment,3,3,3,1118.8,20,13,15,Semi-Furnished,1,0.34,10515000.0
Defence Colony,Apartment,5,4,2,1677.0,36,7,14,Fully-Furnished,0,0.67,30628000.0
Paschim Vihar,Builder Floor,2,2,1,1034.8,10,0,8,Semi-Furnished,1,1.67,8569000.0
Defence Colony,Apartment,2,2,1,841.1,11,13,21,Fully-Furnished,1,2.62,15163000.0
Najafgarh,Villa,4,4,1,2484.2,13,2,7,Fully-Furnished,1,6.62,14242000.0
Chattarpur,Apartment,4,2,1,800.0,14,1,6,Unfurnished,1,2.03,6863000.0
Greater Kailash,Independent House,3,3,1,2541.7,38,1,8,Fully-Furnished,1,3.09,41395000.0
Janakpuri,Apartment,2,2,2,1258.5,12,7,11,Unfurnished,1,0.63,10253000.0
Paschim Vihar,Apartment,2,2,0,1716.3,19,10,17,Semi-Furnished,0,1.77,12302000.0
Shahdara,Builder Floor,3,2,1,1802.0,10,9,11,Fully-Furnished,1,3.7,9947000.0
Golf Links,Apartment,3,3,3,675.3,18,5,8,Unfurnished,0,0.07,14569000.0
Vikaspuri,Apartment,3,3,2,1279.9,13,7,16,Fully-Furnished,1,0.49,10573000.0
Hauz Khas,Apartment,4,3,3,1155.0,18,11,15,Semi-Furnished,2,2.61,18306000.0
Rohini,Apartment,2,2,1,1127.7,29,9,17,Fully-Furnished,1,0.02,6188000.0
Najafgarh,Builder Floor,3,2,3,1490.2,1,12,13,Fully-Furnished,0,0.75,8271000.0
Chattarpur,Independent House,3,3,2,1846.3,7,12,15,Unfurnished,1,4.47,13086000.0
Janakpuri,Apartment,3,3,1,1043.1,33,2,3,Semi-Furnished,1,0.26,8051000.0
Paschim Vihar,Apartment,3,3,1,1223.5,18,12,17,Unfurnished,0,0.82,8472000.0
Model Town,Apartment,1,1,1,1018.9,24,11,19,Semi-Furnished,0,1.9,7077000.0
Vikaspuri,Independent House,2,2,3,1465.6,32,14,15,Unfurnished,0,1.52,10483000.0
Golf Links,Apartment,3,3,1,695.4,34,2,4,Unfurnished,0,0.07,10714000.0
Uttam Nagar,Apartment,1,1,0,1171.5,32,6,12,Semi-Furnished,0,3.44,3872000.0
Golf Links,Builder Floor,5,3,2,1891.7,35,8,12,Semi-Furnished,1,3.51,40357000.0
Vikaspuri,Independent House,3,3,1,1806.3,28,3,5,Semi-Furnished,2,0.99,13577000.0
Paschim Vihar,Apartment,3,3,1,854.6,15,2,3,Unfurnished,1,3.33,4310000.0
Paschim Vihar,Apartment,2,2,1,1326.6,7,5,14,Semi-Furnished,0,1.44,10282000.0
Saket,Apartment,3,3,1,1139.5,1,2,9,Semi-Furnished,0,4.43,15182000.0
Dwarka,Apartment,3,3,0,1039.3,7,3,8,Fully-Furnished,1,2.88,8250000.0
Model Town,Apartment,2,2,1,1313.2,7,10,17,Semi-Furnished,1,1.41,15326000.0
Shahdara,Apartment,4,4,2,1154.9,36,3,4,Semi-Furnished,0,0.67,5421000.0
Defence Colony,Villa,3,2,1,4105.2,20,4,12,Fully-Furnished,1,3.21,84921000.0
Janakpuri,Apartment,1,1,1,811.0,30,11,15,Semi-Furnished,1,0.28,4109000.0
Karol Bagh,Builder Floor,1,1,3,1084.9,1,6,14,Fully-Furnished,0,0.48,11241000.0
Shahdara,Independent House,4,4,0,2459.8,36,8,11,Fully-Furnished,0,5.11,14853000.0
Chattarpur,Apartment,3,3,1,1481.8,25,3,12,Unfurnished,0,1.12,9347000.0
Chattarpur,Independent House,1,1,2,2029.1,1,4,7,Semi-Furnished,1,0.34,13249000.0
Saket,Builder Floor,4,3,3,1663.7,25,11,13,Unfurnished,2,0.11,18944000.0
Rohini,Apartment,3,2,1,640.9,13,13,14,Semi-Furnished,2,0.12,4140000.0
Vasant Vihar,Apartment,3,3,0,1425.4,1,2,11,Unfurnished,1,0.86,25971000.0
Saket,Builder Floor,4,4,2,1386.0,13,9,17,Semi-Furnished,1,1.73,19381000.0
Chattarpur,Apartment,1,1,1,1023.2,37,5,9,Semi-Furnished,1,0.12,5910000.0
Greater Kailash,Builder Floor,3,3,1,1258.8,32,5,14,Unfurnished,0,1.79,17860000.0
Greater Kailash,Apartment,3,3,2,1508.5,21,8,13,Unfurnished,2,0.31,22469000.0
Mayur Vihar,Builder Floor,3,3,0,1432.3,9,2,11,Unfurnished,1,1.97,10034000.0
Vasant Vihar,Villa,3,3,2,2450.7,21,10,12,Unfurnished,2,1.66,61035000.0
Janakpuri,Apartment,4,4,0,1190.0,14,3,9,Unfurnished,1,1.84,9239000.0
Pitampura,Apartment,4,3,1,1474.8,15,8,10,Semi-Furnished,1,0.98,10142000.0
Lajpat Nagar,Apartment,2,2,1,648.2,24,7,16,Unfurnished,0,1.83,5660000.0
Model Town,Builder Floor,2,2,1,909.3,12,4,9,Fully-Furnished,2,0.35,9746000.0
Uttam Nagar,Apartment,4,4,1,1702.8,25,0,6,Unfurnished,1,0.88,7600000.0
Model Town,Builder Floor,1,1,0,1242.9,7,9,11,Unfurnished,0,0.54,9163000.0
Defence Colony,Builder Floor,3,3,2,1428.0,3,2,8,Semi-Furnished,1,3.18,20146000.0
Pitampura,Builder Floor,2,2,0,1224.1,8,14,21,Unfurnished,1,1.63,7834000.0
Saket,Builder Floor,3,3,1,1491.8,29,1,4,Semi-Furnished,0,4.45,17931000.0
Saket,Builder Floor,2,2,0,1438.5,36,11,17,Fully-Furnished,0,0.37,13321000.0
Pitampura,Builder Floor,4,3,0,1565.4,18,13,20,Semi-Furnished,1,1.43,11130000.0
Vikaspuri,Builder Floor,1,1,2,1352.0,14,12,18,Semi-Furnished,1,3.73,8294000.0
Saket,Apartment,2,2,2,878.1,5,3,4,Unfurnished,2,0.02,9449000.0
Chattarpur,Apartment,4,4,0,942.0,5,3,6,Semi-Furnished,1,1.37,7068000.0
Janakpuri,Builder Floor,1,1,0,2058.0,8,13,14,Fully-Furnished,1,0.47,17079000.0
Vikaspuri,Apartment,4,3,3,1420.5,36,10,14,Unfurnished,0,4.84,7803000.0
Paschim Vihar,Apartment,3,3,3,690.7,16,5,11,Unfurnished,1,1.73,5167000.0
Uttam Nagar,Builder Floor,2,2,1,1223.2,26,14,23,Semi-Furnished,0,1.09,4777000.0
Vasant Vihar,Apartment,4,4,1,1233.0,36,14,18,Unfurnished,1,0.64,20077000.0
Vikaspuri,Apartment,2,2,1,1735.8,8,5,12,Semi-Furnished,0,2.6,10168000.0
Shahdara,Apartment,2,2,1,1186.2,12,6,14,Semi-Furnished,1,0.71,6837000.0
Rohini,Apartment,3,2,3,908.9,13,6,11,Fully-Furnished,2,1.3,7080000.0
Vikaspuri,Apartment,2,2,0,1029.0,4,2,9,Unfurnished,1,0.2,6057000.0
Paschim Vihar,Independent House,3,3,0,2107.9,13,8,12,Semi-Furnished,1,5.98,17328000.0
Vasant Vihar,Apartment,3,3,3,1027.8,6,8,13,Semi-Furnished,0,3.2,20202000.0
Model Town,Apartment,3,3,2,954.4,32,9,17,Unfurnished,1,0.04,9114000.0
Dwarka,Apartment,3,3,2,585.6,15,0,1,Semi-Furnished,0,2.78,4438000.0
Shahdara,Apartment,2,2,0,837.1,5,9,11,Semi-Furnished,1,2.4,4729000.0
Defence Colony,Apartment,3,3,0,1002.6,30,1,4,Unfurnished,1,2.21,13809000.0
Vikaspuri,Apartment,2,2,2,300.0,0,9,15,Unfurnished,1,0.2,2291000.0
Saket,Apartment,3,2,0,1137.4,15,5,8,Semi-Furnished,1,2.83,13409000.0
Greater Kailash,Apartment,3,3,2,793.4,3,1,4,Fully-Furnished,0,2.39,14327000.0
Saket,Apartment,2,2,0,782.5,14,2,7,Unfurnished,1,6.79,6874000.0
Uttam Nagar,Independent House,1,1,2,2552.3,4,13,19,Fully-Furnished,1,4.4,13181000.0
Golf Links,Villa,4,2,1,3170.5,28,10,15,Semi-Furnished,0,3.36,84727000.0
Golf Links,Apartment,2,2,0,1202.1,17,12,20,Unfurnished,0,1.95,17631000.0
Shahdara,Villa,2,2,1,3631.1,13,3,6,Unfurnished,1,1.04,24485000.0
Chattarpur,Apartment,2,2,0,1004.8,29,1,4,Unfurnished,1,0.33,5551000.0
Shahdara,Apartment,3,3,1,1279.0,3,4,13,Semi-Furnished,1,3.69,8134000.0
Lajpat Nagar,Apartment,2,2,2,1500.0,17,9,16,Unfurnished,1,1.25,12629000.0
Golf Links,Independent House,4,3,1,1684.0,35,12,16,Unfurnished,0,2.98,32506000.0
Dwarka,Apartment,3,2,1,1419.3,8,10,17,Unfurnished,1,2.28,10874000.0
Paschim Vihar,Apartment,3,2,0,715.8,18,11,12,Unfurnished,1,1.63,4923000.0
Hauz Khas,Independent House,4,4,1,2583.9,31,9,11,Semi-Furnished,1,0.43,35834000.0
Shahdara,Builder Floor,3,3,3,1634.1,35,11,15,Semi-Furnished,1,4.22,7137000.0
Rohini,Builder Floor,2,2,0,1460.7,7,8,12,Semi-Furnished,2,2.81,7819000.0
Model Town,Independent House,3,2,1,2169.4,30,10,17,Fully-Furnished,1,0.88,20086000.0
Chattarpur,Apartment,3,3,1,1020.6,28,9,16,Semi-Furnished,0,4.75,6558000.0
Greater Kailash,Apartment,3,3,0,757.7,0,6,9,Unfurnished,1,3.21,11606000.0
Vikaspuri,Independent House,3,3,2,2098.4,33,6,15,Unfurnished,1,2.96,13897000.0
Rohini,Builder Floor,4,2,1,1477.3,35,0,7,Unfurnished,1,0.23,9838000.0
Dwarka,Apartment,1,1,0,1183.3,20,6,12,Unfurnished,1,0.88,7115000.0
Mayur Vihar,Apartment,3,3,1,1079.5,29,12,15,Unfurnished,1,1.92,5974000.0
Hauz Khas,Apartment,3,3,2,994.7,11,12,15,Semi-Furnished,2,1.78,15048000.0
Defence Colony,Builder Floor,2,2,0,1500.2,2,10,13,Unfurnished,2,1.47,24069000.0
Karol Bagh,Builder Floor,2,2,1,1370.9,15,12,17,Unfurnished,2,0.92,12010000.0
Model Town,Apartment,2,2,2,1332.8,21,1,9,Semi-Furnished,2,5.63,12655000.0
Chattarpur,Apartment,2,2,0,1341.9,27,0,5,Semi-Furnished,0,0.35,6699000.0
Model Town,Builder Floor,2,2,1,922.3,10,14,16,Semi-Furnished,1,0.58,10672000.0
Uttam Nagar,Builder Floor,2,2,1,1399.7,14,9,10,Semi-Furnished,2,2.36,6702000.0
Karol Bagh,Independent House,2,2,1,1431.2,30,8,12,Semi-Furnished,1,2.23,10670000.0
Rohini,Apartment,3,3,2,1349.0,3,4,12,Unfurnished,0,3.61,8450000.0
Lajpat Nagar,Builder Floor,3,3,2,1436.1,17,13,18,Fully-Furnished,1,0.52,12553000.0
Najafgarh,Villa,2,2,0,3584.6,39,13,16,Unfurnished,1,2.9,12385000.0
Saket,Independent House,4,2,2,1627.8,31,9,10,Semi-Furnished,2,1.63,18887000.0
Model Town,Apartment,3,3,1,1417.4,4,8,11,Semi-Furnished,0,0.76,15702000.0
Vikaspuri,Builder Floor,4,4,1,1921.4,29,4,5,Unfurnished,2,1.02,14099000.0
Model Town,Builder Floor,2,2,1,797.5,12,13,18,Fully-Furnished,0,0.32,8931000.0
Najafgarh,Independent House,3,3,2,1572.9,19,5,13,Unfurnished,0,1.91,5998000.0
Paschim Vihar,Apartment,2,2,2,1309.0,22,12,21,Fully-Furnished,1,1.06,12300000.0
Golf Links,Apartment,2,2,0,1166.5,7,11,16,Fully-Furnished,1,0.71,19809000.0
Rohini,Villa,2,2,2,2705.7,30,12,17,Unfurnished,1,2.02,20822000.0
Greater Kailash,Builder Floor,4,3,1,1663.1,25,7,9,Unfurnished,2,1.03,22437000.0
Karol Bagh,Apartment,2,2,3,1385.9,29,8,13,Semi-Furnished,1,0.41,10886000.0
Hauz Khas,Apartment,2,2,3,1488.0,7,13,20,Unfurnished,0,0.43,20916000.0
Greater Kailash,Apartment,5,3,3,931.2,15,5,10,Unfurnished,2,1.2,19410000.0
Vikaspuri,Builder Floor,2,2,1,1613.5,21,2,7,Unfurnished,1,1.82,10435000.0
Golf Links,Apartment,3,3,1,1241.9,14,9,12,Unfurnished,1,4.29,19729000.0
Dwarka,Apartment,4,3,0,1039.2,8,6,15,Unfurnished,0,1.08,8864000.0
Vikaspuri,Apartment,4,3,2,589.8,20,2,7,Unfurnished,2,1.51,4102000.0
Golf Links,Apartment,3,3,1,1578.2,19,8,15,Unfurnished,2,2.01,33370000.0
Uttam Nagar,Apartment,1,1,1,1307.6,38,2,3,Semi-Furnished,2,4.53,4609000.0
Greater Kailash,Apartment,2,2,1,936.2,13,3,7,Unfurnished,1,1.65,13616000.0
Vasant Vihar,Apartment,2,2,0,1163.6,22,12,19,Semi-Furnished,2,1.03,17070000.0
Chattarpur,Apartment,3,3,1,831.0,16,14,18,Unfurnished,1,1.72,5707000.0
Hauz Khas,Apartment,3,3,3,780.3,22,8,10,Semi-Furnished,0,0.85,8935000.0
Model Town,Apartment,3,3,1,1309.2,31,9,15,Unfurnished,1,0.82,11240000.0
Lajpat Nagar,Apartment,2,2,1,1042.2,6,3,10,Fully-Furnished,1,2.47,10980000.0
Najafgarh,Apartment,3,2,2,1135.8,14,0,1,Fully-Furnished,0,4.63,4488000.0
Golf Links,Apartment,3,3,2,906.2,25,8,12,Unfurnished,0,1.24,13846000.0
Chattarpur,Apartment,3,3,0,1304.5,38,8,12,Semi-Furnished,1,1.66,7393000.0
Paschim Vihar,Apartment,2,2,0,499.9,30,5,11,Fully-Furnished,0,0.01,3543000.0
Mayur Vihar,Apartment,3,3,1,1135.0,2,13,16,Unfurnished,2,1.7,7921000.0
Vikaspuri,Apartment,2,2,1,969.0,13,14,18,Semi-Furnished,1,6.51,6070000.0
Rohini,Apartment,2,2,2,1275.8,5,6,11,Unfurnished,2,5.99,7776000.0
Golf Links,Builder Floor,4,2,0,1485.4,34,5,10,Semi-Furnished,1,0.49,29288000.0
Dwarka,Apartment,2,2,0,1148.1,38,13,20,Unfurnished,1,1.2,5640000.0
Najafgarh,Builder Floor,4,3,1,1476.3,11,8,14,Semi-Furnished,2,0.26,7474000.0
Rohini,Builder Floor,2,2,1,1899.3,35,8,10,Fully-Furnished,1,1.74,9771000.0
Uttam Nagar,Villa,1,1,1,2996.5,14,11,16,Fully-Furnished,2,0.49,21092000.0
Saket,Independent House,1,1,0,2203.6,0,8,9,Unfurnished,1,0.38,27244000.0
Shahdara,Independent House,4,2,2,1730.5,20,12,21,Unfurnished,1,0.21,10653000.0
Mayur Vihar,Builder Floor,4,4,0,1236.7,28,14,17,Fully-Furnished,2,0.19,8006000.0
Mayur Vihar,Apartment,3,3,1,1111.0,3,1,9,Unfurnished,1,3.88,7424000.0
Shahdara,Apartment,2,2,0,485.7,28,4,8,Unfurnished,1,2.86,2272000.0
Chattarpur,Independent House,2,2,0,1229.8,5,10,12,Semi-Furnished,1,2.4,10121000.0
Paschim Vihar,Apartment,3,3,1,1360.0,26,11,14,Semi-Furnished,1,10.38,10325000.0
Rohini,Apartment,3,3,2,961.2,0,0,7,Fully-Furnished,2,0.81,7179000.0
Uttam Nagar,Builder Floor,2,2,1,1982.4,38,8,11,Unfurnished,0,0.02,7908000.0
Shahdara,Apartment,1,1,1,1020.0,22,13,22,Fully-Furnished,1,2.49,4953000.0
Defence Colony,Builder Floor,2,2,2,1466.1,16,3,6,Unfurnished,1,4.11,22620000.0
Uttam Nagar,Apartment,2,2,2,885.3,37,14,17,Unfurnished,1,2.42,3834000.0
Saket,Villa,3,3,1,2957.1,35,12,16,Semi-Furnished,1,3.12,34323000.0
Janakpuri,Apartment,2,2,1,1252.9,17,13,15,Fully-Furnished,1,0.21,9680000.0
Dwarka,Independent House,1,1,1,1807.4,14,14,23,Fully-Furnished,0,4.67,13742000.0
Greater Kailash,Villa,5,5,2,3460.3,23,7,13,Unfurnished,1,3.52,52785000.0
Golf Links,Builder Floor,3,3,1,1413.7,36,9,17,Unfurnished,0,0.34,22384000.0
Vasant Vihar,Apartment,3,3,0,1392.6,6,13,22,Unfurnished,0,0.71,25136000.0
Karol Bagh,Apartment,2,2,1,980.1,12,2,6,Fully-Furnished,1,0.26,9149000.0
Lajpat Nagar,Villa,3,3,2,2802.1,21,14,19,Unfurnished,1,3.88,35987000.0
Lajpat Nagar,Apartment,2,2,3,1201.3,29,12,13,Unfurnished,2,1.8,10317000.0
Paschim Vihar,Independent House,2,2,0,1687.3,35,9,15,Unfurnished,0,0.61,11470000.0
Chattarpur,Apartment,2,2,0,847.9,34,4,6,Fully-Furnished,1,0.18,4799000.0
Golf Links,Apartment,3,3,2,1077.7,30,11,19,Unfurnished,1,0.2,18593000.0
Golf Links,Builder Floor,2,2,0,1716.2,19,12,17,Unfurnished,0,0.01,27116000.0
Chattarpur,Independent House,5,4,1,1443.8,3,6,11,Semi-Furnished,2,2.46,10987000.0
Najafgarh,Apartment,3,3,2,872.4,0,14,17,Unfurnished,0,4.69,3653000.0
Chattarpur,Apartment,4,3,2,1325.9,22,10,12,Unfurnished,1,1.72,8835000.0
Mayur Vihar,Apartment,2,2,1,598.6,0,11,16,Fully-Furnished,1,0.54,5216000.0
Greater Kailash,Builder Floor,3,3,2,1219.7,13,2,6,Fully-Furnished,1,0.53,20054000.0
Uttam Nagar,Independent House,3,3,1,2377.7,32,3,9,Semi-Furnished,0,0.47,12014000.0
Greater Kailash,Independent House,2,2,2,1951.6,32,5,7,Unfurnished,1,0.56,28527000.0
Pitampura,Apartment,3,2,2,1038.4,16,6,7,Unfurnished,0,0.15,7142000.0
Model Town,Apartment,3,3,2,620.6,34,1,6,Unfurnished,0,4.13,4974000.0
Hauz Khas,Apartment,1,1,1,850.8,14,11,13,Semi-Furnished,0,1.11,9589000.0
Vasant Vihar,Villa,2,2,2,3498.0,9,13,17,Unfurnished,1,1.81,75823000.0
Model Town,Apartment,3,3,1,635.9,33,5,9,Unfurnished,0,4.22,5234000.0
Saket,Apartment,2,2,2,1271.4,9,11,13,Semi-Furnished,0,1.21,16543000.0
Shahdara,Builder Floor,2,2,0,1665.4,26,7,16,Unfurnished,1,3.05,8055000.0
Paschim Vihar,Independent House,2,2,2,2234.7,15,5,10,Unfurnished,0,0.22,18199000.0
Dwarka,Builder Floor,1,1,1,1775.7,7,14,18,Fully-Furnished,1,1.85,14542000.0
Defence Colony,Apartment,3,3,1,1399.8,6,8,14,Fully-Furnished,1,0.75,28022000.0
Rohini,Builder Floor,3,3,2,1249.3,28,4,9,Unfurnished,0,4.57,6071000.0
Golf Links,Builder Floor,2,2,1,1620.3,8,9,11,Unfurnished,1,1.6,32090000.0
Saket,Apartment,3,3,0,1549.0,16,8,17,Semi-Furnished,2,0.24,18042000.0
Lajpat Nagar,Villa,2,2,0,3357.5,35,13,22,Unfurnished,2,1.43,31365000.0
Vasant Vihar,Apartment,3,3,2,1437.0,21,13,19,Semi-Furnished,1,3.47,26340000.0
Mayur Vihar,Independent House,3,3,0,1848.5,9,1,3,Semi-Furnished,1,0.37,11551000.0
Pitampura,Builder Floor,2,2,2,1099.2,10,7,14,Semi-Furnished,0,2.61,8220000.0
Chattarpur,Apartment,3,3,0,1396.3,34,0,5,Fully-Furnished,0,8.02,7091000.0
Uttam Nagar,Apartment,2,2,1,850.6,14,14,20,Fully-Furnished,0,1.41,4377000.0
Pitampura,Apartment,4,3,1,1137.1,4,2,9,Unfurnished,0,7.02,7792000.0
Rohini,Villa,2,2,2,3329.4,22,1,6,Unfurnished,0,0.28,19929000.0
Mayur Vihar,Apartment,2,2,1,1372.1,12,8,16,Unfurnished,1,2.17,8405000.0
Paschim Vihar,Builder Floor,1,1,2,1525.6,32,2,8,Semi-Furnished,2,1.37,9721000.0
Golf Links,Builder Floor,3,3,1,1242.6,19,14,23,Semi-Furnished,0,3.55,23515000.0
Pitampura,Apartment,4,4,2,736.9,5,0,5,Fully-Furnished,1,1.71,6516000.0
Uttam Nagar,Apartment,3,3,3,672.6,7,0,3,Fully-Furnished,1,4.1,3880000.0
Dwarka,Apartment,1,1,1,1567.2,16,2,9,Unfurnished,0,13.29,8117000.0
Model Town,Apartment,5,2,0,1019.5,33,0,1,Semi-Furnished,1,2.41,10568000.0
Defence Colony,Apartment,4,3,1,1692.2,10,7,15,Unfurnished,0,1.1,26895000.0
Uttam Nagar,Apartment,5,3,1,685.6,11,9,13,Fully-Furnished,0,0.26,3796000.0
Vasant Vihar,Builder Floor,3,3,1,1371.8,31,10,14,Unfurnished,0,2.62,19471000.0
Vikaspuri,Apartment,5,4,1,1256.8,5,9,15,Unfurnished,1,2.83,9701000.0
Paschim Vihar,Independent House,2,2,1,1105.3,14,1,8,Fully-Furnished,0,0.13,11041000.0
Najafgarh,Apartment,4,3,1,1180.6,19,13,15,Unfurnished,1,4.97,5882000.0
Chattarpur,Independent House,3,3,1,2019.5,4,14,16,Unfurnished,2,2.19,17863000.0
Saket,Apartment,5,2,1,979.0,38,10,17,Semi-Furnished,2,1.11,12395000.0
Hauz Khas,Builder Floor,4,3,3,1260.8,30,6,11,Semi-Furnished,0,0.43,14338000.0
Pitampura,Apartment,2,2,1,500.0,14,3,7,Fully-Furnished,1,1.92,3863000.0
Saket,Apartment,3,3,2,1167.2,7,11,20,Semi-Furnished,0,9.59,11639000.0
Karol Bagh,Independent House,3,3,1,2344.8,0,2,5,Unfurnished,1,2.58,24511000.0
Defence Colony,Builder Floor,3,3,1,1511.1,31,14,23,Unfurnished,0,1.7,18591000.0
Model Town,Builder Floor,4,3,1,1449.2,7,13,21,Semi-Furnished,1,0.53,17992000.0
Model Town,Independent House,1,1,2,1494.8,15,6,14,Semi-Furnished,0,1.29,11850000.0
Saket,Apartment,3,3,3,1012.7,21,3,6,Unfurnished,0,0.65,10317000.0
Karol Bagh,Villa,3,3,2,3849.8,25,8,12,Semi-Furnished,1,0.2,42622000.0
Pitampura,Apartment,2,2,1,878.0,19,3,8,Unfurnished,1,3.33,5135000.0
Dwarka,Builder Floor,2,2,0,1514.3,12,14,19,Unfurnished,0,2.36,9939000.0
Rohini,Independent House,4,3,1,2074.3,33,2,5,Semi-Furnished,1,2.13,13511000.0
Chattarpur,Apartment,3,3,2,1069.9,37,8,13,Fully-Furnished,1,2.55,6878000.0
Vikaspuri,Builder Floor,2,2,2,1254.7,5,14,15,Fully-Furnished,1,0.38,9608000.0
Vikaspuri,Apartment,5,3,2,817.2,35,8,12,Unfurnished,0,2.64,5979000.0
Najafgarh,Apartment,2,2,0,1347.0,39,10,16,Unfurnished,1,1.15,4415000.0
Karol Bagh,Builder Floor,4,4,0,1145.5,30,2,7,Fully-Furnished,2,1.69,10716000.0
Golf Links,Apartment,3,3,3,1440.8,1,14,22,Fully-Furnished,0,0.01,27246000.0
Dwarka,Independent House,4,3,0,1454.1,6,5,9,Unfurnished,0,0.29,12667000.0
Chattarpur,Builder Floor,3,3,2,1659.5,33,7,8,Unfurnished,1,1.09,10814000.0
Chattarpur,Apartment,2,2,2,1279.7,2,12,18,Unfurnished,1,1.09,8894000.0
Karol Bagh,Builder Floor,3,3,0,1365.9,3,4,9,Unfurnished,1,2.38,14245000.0
Model Town,Independent House,2,2,1,2171.9,12,2,8,Fully-Furnished,1,2.24,24628000.0
Greater Kailash,Apartment,3,3,0,802.5,23,12,18,Unfurnished,1,2.78,7751000.0
Janakpuri,Independent House,1,1,2,1888.2,14,3,4,Unfurnished,1,1.9,13568000.0
Najafgarh,Apartment,2,2,0,1293.9,5,3,10,Fully-Furnished,0,1.96,5410000.0
Mayur Vihar,Independent House,5,3,1,2269.4,14,2,11,Fully-Furnished,1,1.57,18051000.0
Vasant Vihar,Apartment,3,3,2,1914.5,2,10,16,Unfurnished,2,1.96,31204000.0
Shahdara,Apartment,3,3,1,1184.9,7,4,9,Semi-Furnished,1,2.49,6701000.0
Pitampura,Independent House,4,4,1,3040.6,15,3,11,Fully-Furnished,1,1.34,29927000.0
Golf Links,Apartment,3,2,0,992.5,9,1,8,Semi-Furnished,1,1.11,19051000.0
Chattarpur,Apartment,4,4,2,1536.4,24,11,20,Fully-Furnished,0,3.79,13192000.0
Greater Kailash,Builder Floor,4,4,2,1575.6,4,13,18,Fully-Furnished,1,0.89,24066000.0
Model Town,Apartment,3,3,2,989.4,27,1,7,Unfurnished,1,0.13,8677000.0
Rohini,Apartment,1,1,1,1386.6,33,11,19,Unfurnished,1,3.79,5220000.0
Mayur Vihar,Apartment,5,4,1,1605.7,14,4,12,Unfurnished,0,2.09,10510000.0
Golf Links,Apartment,3,3,1,1586.6,21,12,17,Fully-Furnished,1,0.13,30345000.0
Hauz Khas,Apartment,3,2,3,857.1,24,14,20,Unfurnished,2,0.25,12312000.0
Chattarpur,Apartment,1,1,1,1112.1,33,2,10,Unfurnished,2,1.32,6101000.0
Pitampura,Villa,3,3,0,3332.0,20,8,17,Semi-Furnished,2,0.65,24251000.0
Chattarpur,Villa,5,4,1,3721.1,21,10,12,Unfurnished,0,0.59,34231000.0
Karol Bagh,Apartment,2,2,2,533.1,36,3,5,Semi-Furnished,2,1.12,3927000.0
Chattarpur,Villa,4,2,2,2594.3,37,9,14,Fully-Furnished,1,13.53,17349000.0
Model Town,Independent House,3,3,0,1773.3,25,4,6,Semi-Furnished,0,0.96,19533000.0
Rohini,Independent House,2,2,3,2414.8,30,14,16,Unfurnished,1,0.58,13657000.0
Dwarka,Apartment,3,3,0,1081.3,2,1,7,Semi-Furnished,0,0.58,7484000.0
Chattarpur,Apartment,3,3,1,1053.4,14,0,1,Unfurnished,2,6.98,6232000.0
Janakpuri,Apartment,1,1,2,1061.0,35,8,12,Semi-Furnished,1,5.39,5787000.0
Dwarka,Apartment,2,2,0,1126.2,17,7,14,Fully-Furnished,2,0.95,7696000.0
Rohini,Independent House,5,5,0,2707.1,7,6,7,Unfurnished,2,2.39,18650000.0
Chattarpur,Builder Floor,3,3,1,1443.0,3,11,16,Unfurnished,0,0.22,11016000.0
Karol Bagh,Apartment,3,3,2,1339.6,25,9,11,Semi-Furnished,1,1.52,10006000.0
Lajpat Nagar,Builder Floor,2,2,2,1662.4,12,4,10,Unfurnished,1,4.05,15531000.0
Janakpuri,Apartment,4,4,3,968.1,10,8,14,Unfurnished,1,1.64,9054000.0
Najafgarh,Villa,2,2,1,2119.3,37,14,15,Semi-Furnished,0,1.56,8586000.0
Lajpat Nagar,Apartment,2,2,3,1228.0,5,1,3,Unfurnished,0,5.65,11750000.0
Uttam Nagar,Apartment,3,3,1,1194.7,18,0,4,Semi-Furnished,0,0.75,5971000.0
Chattarpur,Apartment,1,1,3,1472.7,16,12,16,Fully-Furnished,2,0.54,9769000.0
Model Town,Apartment,2,2,2,786.9,15,0,6,Semi-Furnished,1,1.16,6493000.0
Lajpat Nagar,Apartment,1,1,0,894.0,8,7,10,Unfurnished,0,0.68,6456000.0
Saket,Villa,2,2,2,2951.5,22,10,12,Semi-Furnished,1,3.85,34245000.0
Janakpuri,Apartment,4,4,0,1528.9,14,2,3,Unfurnished,1,0.24,12021000.0
Vikaspuri,Apartment,1,1,1,842.1,21,0,6,Semi-Furnished,1,5.24,5307000.0
Lajpat Nagar,Apartment,3,2,1,1225.6,25,7,10,Unfurnished,1,4.37,9207000.0
Najafgarh,Independent House,4,3,1,2378.1,37,2,11,Semi-Furnished,2,1.23,8951000.0
Janakpuri,Apartment,2,2,2,1439.2,28,8,14,Unfurnished,2,0.09,9884000.0
Pitampura,Builder Floor,2,2,2,863.2,1,12,17,Semi-Furnished,0,2.58,6379000.0
Chattarpur,Apartment,2,2,1,1226.3,1,3,7,Fully-Furnished,1,2.68,10149000.0
Rohini,Independent House,3,3,2,2398.3,14,8,9,Unfurnished,2,5.64,19057000.0
Shahdara,Apartment,2,2,1,1249.8,26,4,6,Unfurnished,1,0.53,5302000.0
Vasant Vihar,Builder Floor,3,3,2,1517.4,11,14,18,Semi-Furnished,1,1.67,34227000.0
Golf Links,Independent House,4,2,1,1956.1,4,0,1,Unfurnished,0,2.59,44477000.0
Defence Colony,Builder Floor,3,3,2,1568.4,12,11,13,Unfurnished,1,1.64,24099000.0
Rohini,Builder Floor,2,2,1,1454.9,21,13,22,Unfurnished,1,0.46,6449000.0
Saket,Apartment,4,3,2,1295.2,31,6,13,Semi-Furnished,1,0.14,17357000.0
Saket,Apartment,3,3,1,954.4,33,11,15,Unfurnished,1,0.34,8488000.0
Janakpuri,Villa,3,2,2,2436.3,17,5,7,Fully-Furnished,1,0.02,22708000.0
Paschim Vihar,Builder Floor,2,2,1,1117.4,18,8,15,Unfurnished,1,2.33,8195000.0
Dwarka,Builder Floor,1,1,2,1596.0,1,7,14,Semi-Furnished,0,2.08,11260000.0
Vikaspuri,Builder Floor,2,2,1,1821.3,18,10,14,Semi-Furnished,0,1.6,12231000.0
Golf Links,Builder Floor,2,2,0,1765.4,18,11,20,Unfurnished,1,0.72,32548000.0
Dwarka,Apartment,2,2,0,1010.0,5,1,3,Fully-Furnished,1,4.35,8227000.0
Chattarpur,Independent House,2,2,1,2447.4,17,0,6,Fully-Furnished,1,0.42,18677000.0
Janakpuri,Independent House,3,3,1,1963.1,10,6,13,Fully-Furnished,0,0.58,17957000.0
Saket,Builder Floor,3,3,1,1413.9,2,1,7,Semi-Furnished,0,0.29,19681000.0
Golf Links,Builder Floor,2,2,0,1378.8,26,6,12,Unfurnished,1,5.06,20844000.0
Vasant Vihar,Apartment,2,2,3,1494.1,37,0,8,Unfurnished,2,0.44,17415000.0
Vasant Vihar,Apartment,2,2,1,1552.5,20,11,12,Unfurnished,1,0.04,21818000.0
Dwarka,Apartment,3,3,1,1345.0,25,7,15,Unfurnished,2,1.08,8859000.0
Pitampura,Apartment,3,3,2,1222.4,9,10,15,Semi-Furnished,0,1.21,8070000.0
Uttam Nagar,Independent House,3,3,1,2495.0,13,7,12,Unfurnished,1,1.79,15771000.0
Hauz Khas,Independent House,2,2,1,1690.7,3,13,15,Unfurnished,0,2.73,26876000.0
Vikaspuri,Villa,2,2,0,3441.5,25,1,2,Fully-Furnished,2,1.44,31987000.0
Defence Colony,Apartment,4,3,1,736.2,13,9,11,Unfurnished,2,0.69,8722000.0
Defence Colony,Apartment,3,3,1,1128.8,1,14,21,Fully-Furnished,1,5.53,19944000.0
Vikaspuri,Builder Floor,2,2,1,1064.3,17,10,12,Unfurnished,0,3.96,5723000.0
Janakpuri,Apartment,2,2,3,935.3,34,0,6,Fully-Furnished,2,0.36,6609000.0
Golf Links,Independent House,3,3,2,2101.2,37,3,11,Unfurnished,1,1.72,42652000.0
Golf Links,Apartment,3,3,2,892.9,15,9,16,Fully-Furnished,1,5.55,16672000.0
Golf Links,Villa,1,1,2,3175.0,6,12,13,Fully-Furnished,1,3.25,84651000.0
Lajpat Nagar,Builder Floor,3,3,3,1825.7,23,5,7,Unfurnished,0,0.5,13740000.0
Defence Colony,Builder Floor,2,2,3,1026.5,33,2,7,Unfurnished,2,1.28,14612000.0
Pitampura,Apartment,2,2,2,646.8,2,1,4,Unfurnished,1,0.59,4145000.0
Hauz Khas,Apartment,2,2,3,849.6,27,4,12,Semi-Furnished,0,0.41,10882000.0
Hauz Khas,Apartment,5,3,2,1223.6,26,8,11,Unfurnished,0,7.79,14342000.0
Uttam Nagar,Apartment,2,2,1,1022.8,6,4,11,Unfurnished,1,1.84,4330000.0
Pitampura,Builder Floor,2,2,1,652.3,39,12,17,Unfurnished,2,0.09,3778000.0
Janakpuri,Builder Floor,4,3,0,1709.9,0,10,18,Fully-Furnished,1,1.26,14617000.0
Rohini,Apartment,1,1,2,1171.5,25,12,13,Semi-Furnished,1,4.52,6005000.0
Najafgarh,Independent House,5,2,1,1612.7,4,7,15,Semi-Furnished,1,2.35,9132000.0
Golf Links,Apartment,3,3,2,1383.3,20,4,10,Unfurnished,0,0.31,25737000.0
Karol Bagh,Apartment,2,2,1,1107.5,33,2,10,Semi-Furnished,1,1.12,8076000.0
Paschim Vihar,Builder Floor,3,2,3,1808.8,6,3,4,Fully-Furnished,1,0.18,16221000.0
Vasant Vihar,Builder Floor,3,3,1,1347.7,32,3,12,Fully-Furnished,1,1.18,21680000.0
Karol Bagh,Villa,3,3,2,2478.7,25,9,15,Semi-Furnished,0,2.87,25853000.0
Karol Bagh,Apartment,3,3,0,1659.2,0,12,15,Unfurnished,0,0.62,15738000.0
Greater Kailash,Apartment,2,2,0,1098.7,2,10,12,Semi-Furnished,1,4.96,16711000.0
Janakpuri,Apartment,3,3,1,1037.0,13,10,17,Fully-Furnished,1,2.35,9071000.0
Saket,Apartment,3,3,2,745.6,29,2,3,Semi-Furnished,1,0.16,7806000.0
Najafgarh,Apartment,2,2,1,1411.2,28,9,18,Fully-Furnished,2,0.21,5623000.0
Hauz Khas,Apartment,3,3,2,1567.2,14,4,13,Unfurnished,2,2.94,19025000.0
Paschim Vihar,Builder Floor,4,3,0,1988.9,0,5,13,Unfurnished,2,1.87,14863000.0
Paschim Vihar,Builder Floor,2,2,1,1034.0,0,7,15,Fully-Furnished,0,0.41,8345000.0
Saket,Builder Floor,2,2,3,1576.0,10,11,19,Semi-Furnished,2,2.4,19260000.0
Najafgarh,Builder Floor,3,2,1,1268.4,9,10,13,Unfurnished,2,1.85,4851000.0
Hauz Khas,Apartment,3,2,0,1053.7,30,2,7,Semi-Furnished,0,7.76,11356000.0
Dwarka,Independent House,2,2,1,2128.6,13,0,8,Semi-Furnished,0,0.92,15161000.0
Najafgarh,Apartment,2,2,1,1230.7,15,2,7,Fully-Furnished,1,5.22,5523000.0
Model Town,Builder Floor,3,3,2,1044.3,33,9,12,Semi-Furnished,1,0.98,9735000.0
Model Town,Apartment,2,2,0,300.0,4,7,14,Fully-Furnished,2,3.01,3032000.0
Pitampura,Builder Floor,3,2,1,1289.7,3,10,18,Fully-Furnished,1,1.65,11204000.0
Dwarka,Builder Floor,3,3,0,1396.6,11,0,4,Semi-Furnished,1,1.66,9560000.0
Uttam Nagar,Apartment,2,2,1,1210.2,12,8,15,Fully-Furnished,0,4.26,5945000.0
Model Town,Apartment,3,3,3,957.5,34,13,20,Semi-Furnished,1,0.02,8756000.0
Pitampura,Builder Floor,3,3,1,1627.1,8,2,6,Unfurnished,1,0.39,9510000.0
Dwarka,Apartment,2,2,0,993.5,9,8,11,Fully-Furnished,1,3.51,7109000.0
Model Town,Apartment,2,2,0,1373.5,39,6,10,Semi-Furnished,0,0.36,10025000.0
Dwarka,Apartment,3,3,0,1008.6,6,0,1,Semi-Furnished,1,1.55,8341000.0
Lajpat Nagar,Builder Floor,3,3,2,1680.4,33,1,9,Semi-Furnished,1,7.63,13805000.0
Pitampura,Apartment,4,2,1,1312.5,26,2,8,Unfurnished,1,1.14,9294000.0
Janakpuri,Independent House,2,2,1,1876.7,36,8,10,Unfurnished,1,2.54,11802000.0
Chattarpur,Builder Floor,5,3,2,1756.1,29,13,14,Unfurnished,1,0.7,12161000.0
Paschim Vihar,Apartment,2,2,1,1009.8,32,3,9,Semi-Furnished,2,0.42,6795000.0
Najafgarh,Builder Floor,3,3,1,1699.6,35,14,16,Semi-Furnished,0,0.87,6886000.0
Rohini,Builder Floor,2,2,0,1559.1,8,10,11,Semi-Furnished,2,0.16,8146000.0
Model Town,Villa,3,3,1,3407.2,29,9,11,Semi-Furnished,1,1.36,41268000.0
Saket,Builder Floor,2,2,2,899.2,10,8,9,Unfurnished,1,2.99,10539000.0
Chattarpur,Builder Floor,3,3,3,1468.9,12,3,10,Unfurnished,0,1.12,9702000.0
Shahdara,Independent House,2,2,0,1731.8,15,14,23,Semi-Furnished,0,1.9,8437000.0
Model Town,Apartment,2,2,1,1365.5,25,4,11,Semi-Furnished,1,0.08,15025000.0
Mayur Vihar,Apartment,3,3,2,463.3,18,14,16,Unfurnished,2,4.35,2811000.0
Hauz Khas,Apartment,2,2,1,959.5,38,2,3,Unfurnished,1,7.1,9966000.0
Mayur Vihar,Apartment,3,3,3,1039.0,33,8,15,Fully-Furnished,2,3.39,6589000.0
Defence Colony,Apartment,2,2,3,1153.2,5,11,14,Semi-Furnished,2,7.25,19242000.0
Uttam Nagar,Apartment,2,2,2,1147.8,36,10,19,Unfurnished,2,0.47,5285000.0
Rohini,Apartment,2,2,1,725.4,24,9,12,Unfurnished,1,1.2,3492000.0
Dwarka,Apartment,4,4,0,1391.7,16,10,19,Fully-Furnished,0,0.13,10360000.0
Chattarpur,Apartment,3,3,1,1094.0,21,5,10,Unfurnished,1,1.27,6026000.0
Janakpuri,Apartment,4,3,1,596.1,6,0,1,Semi-Furnished,1,0.52,4795000.0
Defence Colony,Apartment,2,2,2,1169.2,33,2,7,Semi-Furnished,1,0.38,16821000.0
Greater Kailash,Apartment,4,3,1,1204.7,22,5,13,Unfurnished,1,0.13,17279000.0
Uttam Nagar,Independent House,2,2,1,1567.6,24,5,6,Unfurnished,2,1.52,7135000.0
Saket,Apartment,2,2,0,766.1,17,12,18,Unfurnished,1,1.09,7468000.0
Hauz Khas,Apartment,3,3,2,855.9,27,10,13,Semi-Furnished,0,0.25,11367000.0
Vasant Vihar,Apartment,2,2,2,994.0,22,5,12,Semi-Furnished,1,0.02,16197000.0
Lajpat Nagar,Independent House,4,3,1,2136.5,7,13,16,Unfurnished,1,4.39,27706000.0
Golf Links,Apartment,3,2,2,733.2,27,14,21,Semi-Furnished,1,1.44,12186000.0
Janakpuri,Apartment,3,3,2,1595.8,33,2,8,Semi-Furnished,1,4.26,10151000.0
Janakpuri,Builder Floor,3,3,2,956.6,39,12,17,Unfurnished,0,1.45,6409000.0
Uttam Nagar,Villa,2,2,0,3415.1,9,10,11,Semi-Furnished,1,0.99,21828000.0
Paschim Vihar,Builder Floor,1,1,0,1561.5,1,3,7,Unfurnished,1,0.09,10141000.0
Karol Bagh,Builder Floor,2,2,2,1461.5,26,7,9,Fully-Furnished,0,1.0,12089000.0
Mayur Vihar,Independent House,2,2,1,1757.6,31,7,16,Semi-Furnished,2,1.41,9691000.0
Chattarpur,Apartment,3,3,1,922.9,16,10,12,Semi-Furnished,1,8.08,5610000.0
Najafgarh,Apartment,4,3,1,1191.8,33,2,4,Fully-Furnished,0,0.35,4871000.0
Golf Links,Apartment,3,2,0,1397.9,17,0,9,Semi-Furnished,2,1.12,24840000.0
Mayur Vihar,Builder Floor,3,3,1,916.4,3,5,14,Semi-Furnished,0,2.26,7465000.0
Chattarpur,Apartment,3,3,1,1102.0,38,4,13,Semi-Furnished,1,3.61,6496000.0
Vikaspuri,Builder Floor,4,4,3,1773.5,36,0,9,Semi-Furnished,1,2.98,13573000.0
Janakpuri,Apartment,3,3,1,462.8,3,4,13,Unfurnished,1,2.62,3448000.0
Defence Colony,Builder Floor,2,2,2,1430.4,15,7,11,Unfurnished,0,0.13,19417000.0
Rohini,Apartment,3,3,1,1016.7,11,4,10,Fully-Furnished,0,1.32,7154000.0
Pitampura,Builder Floor,4,3,2,1734.2,29,13,16,Unfurnished,1,0.51,8510000.0
Shahdara,Independent House,3,3,1,1762.8,2,10,19,Semi-Furnished,1,0.44,10104000.0
Model Town,Builder Floor,3,3,1,2000.6,21,12,17,Semi-Furnished,1,0.09,20780000.0
Paschim Vihar,Builder Floor,1,1,1,1727.3,27,10,17,Semi-Furnished,1,0.05,10789000.0
Karol Bagh,Independent House,3,3,2,2141.3,27,6,9,Unfurnished,0,1.66,16130000.0
Mayur Vihar,Builder Floor,1,1,0,1032.3,28,5,9,Unfurnished,1,0.06,5140000.0
Golf Links,Apartment,1,1,1,944.2,6,1,8,Unfurnished,0,3.04,14993000.0
Chattarpur,Builder Floor,4,4,1,1914.7,13,3,8,Unfurnished,0,0.52,14005000.0
Najafgarh,Apartment,2,2,2,1350.4,17,5,9,Fully-Furnished,1,2.86,5573000.0
Model Town,Apartment,4,3,2,1277.1,38,12,16,Unfurnished,1,2.24,12054000.0
Saket,Builder Floor,3,3,2,934.7,27,7,16,Unfurnished,1,3.97,11154000.0
Vasant Vihar,Apartment,2,2,1,659.5,12,11,16,Unfurnished,0,0.81,10487000.0
Lajpat Nagar,Apartment,2,2,1,1005.6,24,0,3,Semi-Furnished,0,1.02,8614000.0
Saket,Villa,3,3,0,2915.6,21,12,16,Unfurnished,0,0.5,38039000.0
Greater Kailash,Apartment,3,3,3,1184.5,5,11,15,Unfurnished,1,3.55,18874000.0
Shahdara,Apartment,4,2,2,764.8,5,3,11,Unfurnished,0,2.08,5020000.0
Karol Bagh,Apartment,1,1,2,1240.6,37,7,8,Semi-Furnished,2,1.07,8676000.0
Golf Links,Apartment,1,1,2,1275.3,5,6,10,Semi-Furnished,0,4.42,19456000.0
Hauz Khas,Apartment,4,2,0,1084.7,37,2,9,Unfurnished,0,0.21,12066000.0
Janakpuri,Independent House,2,2,0,1089.5,15,13,20,Unfurnished,0,0.4,7931000.0
Paschim Vihar,Apartment,3,3,0,1584.8,19,13,15,Semi-Furnished,0,1.19,10956000.0
Uttam Nagar,Apartment,3,3,1,1289.8,14,10,15,Semi-Furnished,0,1.25,5781000.0
Dwarka,Apartment,2,2,0,1218.9,22,3,4,Unfurnished,1,2.73,7084000.0
Greater Kailash,Apartment,2,2,0,1193.2,8,13,18,Semi-Furnished,0,1.44,16394000.0
Vikaspuri,Apartment,5,3,2,1288.9,31,6,7,Fully-Furnished,2,0.06,9611000.0
Karol Bagh,Independent House,2,2,2,1596.6,16,13,22,Unfurnished,1,0.51,16838000.0
Mayur Vihar,Builder Floor,5,3,1,1636.2,13,0,1,Semi-Furnished,0,0.81,13166000.0
Rohini,Builder Floor,3,3,1,1158.0,18,1,10,Semi-Furnished,0,0.23,6912000.0
Dwarka,Apartment,2,2,1,1105.3,35,7,16,Unfurnished,1,1.44,6442000.0
Pitampura,Apartment,1,1,1,1329.2,10,5,14,Unfurnished,2,4.88,8114000.0
Hauz Khas,Independent House,2,2,2,1980.5,20,2,5,Semi-Furnished,0,5.44,24827000.0
Chattarpur,Builder Floor,3,3,0,1412.5,35,9,13,Fully-Furnished,2,9.85,7379000.0
Dwarka,Apartment,3,3,1,421.4,39,3,11,Semi-Furnished,1,1.72,3035000.0
Uttam Nagar,Villa,3,3,2,3101.7,38,14,19,Fully-Furnished,0,3.21,19442000.0
Uttam Nagar,Apartment,2,2,3,1352.3,33,10,12,Fully-Furnished,1,2.21,5241000.0
Chattarpur,Independent House,2,2,2,2873.9,27,13,16,Unfurnished,1,6.17,15976000.0
Lajpat Nagar,Builder Floor,2,2,1,1321.4,9,4,6,Fully-Furnished,2,1.19,10478000.0
Vikaspuri,Builder Floor,3,3,1,1596.5,21,5,9,Fully-Furnished,2,0.55,12893000.0
Hauz Khas,Builder Floor,2,2,1,1570.0,24,8,9,Fully-Furnished,0,1.59,17517000.0
Najafgarh,Builder Floor,1,1,2,1504.0,24,11,18,Semi-Furnished,1,0.48,5132000.0
Model Town,Apartment,2,2,1,1710.9,33,8,9,Unfurnished,2,1.26,15120000.0
Golf Links,Builder Floor,3,3,1,1157.8,13,4,12,Unfurnished,0,7.31,19514000.0
Model Town,Independent House,3,3,1,1997.1,5,5,6,Unfurnished,1,1.44,22346000.0
Uttam Nagar,Builder Floor,2,2,2,1365.8,29,14,19,Unfurnished,1,3.69,5723000.0
Defence Colony,Builder Floor,3,3,2,1608.9,8,10,16,Semi-Furnished,0,0.58,25003000.0
Rohini,Apartment,2,2,1,1214.6,12,10,19,Semi-Furnished,1,1.95,8660000.0
Vasant Vihar,Apartment,2,2,2,1277.1,10,5,11,Semi-Furnished,1,4.29,24001000.0
Rohini,Apartment,2,2,1,988.8,37,2,3,Unfurnished,1,5.47,4286000.0
Golf Links,Apartment,4,3,0,1167.3,37,6,15,Fully-Furnished,1,0.91,20353000.0
Model Town,Builder Floor,3,3,1,1415.4,28,2,6,Unfurnished,1,0.54,11561000.0
Shahdara,Independent House,2,2,2,1731.5,39,0,8,Unfurnished,0,3.52,7174000.0
Najafgarh,Villa,4,4,1,3856.2,37,11,17,Unfurnished,2,0.84,15105000.0
Janakpuri,Apartment,3,3,2,707.1,8,11,19,Semi-Furnished,2,1.55,6440000.0
Janakpuri,Apartment,2,2,1,451.7,30,0,9,Unfurnished,1,4.34,3054000.0
Shahdara,Builder Floor,3,2,1,1217.9,24,6,15,Semi-Furnished,0,2.35,7063000.0
Rohini,Apartment,5,4,2,924.1,17,13,16,Semi-Furnished,0,1.0,7179000.0
Uttam Nagar,Apartment,3,3,0,837.5,1,5,9,Semi-Furnished,2,9.61,4109000.0
Karol Bagh,Apartment,3,3,2,1038.7,8,5,7,Unfurnished,0,1.0,9336000.0
Vasant Vihar,Apartment,4,4,2,1045.4,6,11,16,Unfurnished,1,0.41,20111000.0
Vikaspuri,Apartment,1,1,1,1367.2,12,1,9,Semi-Furnished,1,2.16,9273000.0
Vikaspuri,Apartment,2,2,2,1204.0,22,3,4,Unfurnished,1,0.24,7523000.0
Mayur Vihar,Independent House,3,2,1,2613.2,24,0,2,Semi-Furnished,0,0.84,18945000.0
Karol Bagh,Apartment,2,2,1,1651.6,20,6,14,Semi-Furnished,1,11.88,11489000.0
Paschim Vihar,Apartment,5,3,1,1648.0,35,9,11,Semi-Furnished,2,1.29,14469000.0
Janakpuri,Independent House,3,3,2,1931.2,13,14,18,Semi-Furnished,0,1.04,15696000.0
Najafgarh,Independent House,3,3,2,1846.9,5,2,7,Unfurnished,0,0.54,7556000.0
Rohini,Builder Floor,1,1,2,1228.1,0,13,21,Unfurnished,0,1.35,6597000.0
Paschim Vihar,Apartment,2,2,1,1114.7,8,5,6,Semi-Furnished,1,9.17,8723000.0
Rohini,Independent House,4,2,0,1899.1,5,5,12,Semi-Furnished,2,0.25,15832000.0
Pitampura,Independent House,2,2,1,2584.2,26,7,9,Semi-Furnished,1,1.37,17278000.0
Model Town,Apartment,2,2,1,981.5,18,5,8,Semi-Furnished,2,0.53,9452000.0
Uttam Nagar,Apartment,3,3,0,892.4,24,14,23,Semi-Furnished,2,0.63,4911000.0
Chattarpur,Builder Floor,3,3,3,1001.7,26,9,18,Semi-Furnished,1,0.08,6705000.0
Golf Links,Apartment,4,4,1,1577.0,28,10,15,Fully-Furnished,1,0.5,30019000.0
Shahdara,Apartment,2,2,2,940.4,24,11,15,Semi-Furnished,2,2.37,5106000.0
Shahdara,Apartment,2,2,2,885.2,4,4,8,Unfurnished,1,0.1,4891000.0
Pitampura,Apartment,4,3,0,1205.6,33,9,16,Unfurnished,1,1.15,6205000.0
Dwarka,Builder Floor,4,3,1,1030.3,31,12,15,Semi-Furnished,2,2.38,7077000.0
Shahdara,Apartment,3,3,1,562.1,11,11,20,Unfurnished,1,2.64,2960000.0
Janakpuri,Independent House,3,3,3,1661.4,26,9,12,Unfurnished,1,2.1,15330000.0
Defence Colony,Builder Floor,3,2,0,1505.5,3,9,13,Semi-Furnished,0,3.24,27403000.0
Uttam Nagar,Independent House,3,2,1,1905.1,12,14,22,Unfurnished,0,0.08,8258000.0
Lajpat Nagar,Builder Floor,2,2,0,1344.6,30,3,5,Unfurnished,2,1.23,9238000.0
Mayur Vihar,Apartment,2,2,0,1053.1,3,5,7,Fully-Furnished,2,0.84,7810000.0
Vikaspuri,Builder Floor,4,3,1,1029.3,25,7,16,Semi-Furnished,2,3.19,7451000.0
Dwarka,Apartment,2,2,1,1269.0,32,12,17,Unfurnished,1,3.85,6735000.0
Defence Colony,Builder Floor,2,2,1,1253.4,26,11,13,Unfurnished,0,0.44,19150000.0
Shahdara,Independent House,5,3,0,1673.9,35,8,14,Unfurnished,0,1.18,8472000.0
Hauz Khas,Builder Floor,1,1,0,1269.6,9,2,9,Fully-Furnished,0,0.68,13814000.0
Hauz Khas,Builder Floor,1,1,0,1378.8,33,2,5,Unfurnished,1,0.31,13205000.0
Paschim Vihar,Apartment,3,3,3,1327.7,11,4,5,Unfurnished,2,0.18,10497000.0
Rohini,Apartment,3,3,1,890.2,29,12,17,Unfurnished,1,0.62,4864000.0
Golf Links,Apartment,1,1,1,1283.2,22,9,14,Unfurnished,1,0.14,20233000.0
Shahdara,Independent House,2,2,1,2155.0,5,12,15,Unfurnished,1,3.46,14512000.0
Karol Bagh,Apartment,4,4,3,1406.0,2,6,10,Semi-Furnished,0,7.34,16583000.0
Golf Links,Apartment,4,4,2,912.5,0,8,17,Semi-Furnished,2,6.9,22095000.0
Dwarka,Apartment,1,1,2,1526.6,37,10,13,Unfurnished,0,6.44,6044000.0
Najafgarh,Builder Floor,3,3,2,1856.3,5,1,8,Unfurnished,2,0.07,8094000.0
Vikaspuri,Builder Floor,3,3,2,1079.3,24,1,2,Unfurnished,1,0.05,8146000.0
Karol Bagh,Apartment,4,4,1,967.5,1,2,4,Unfurnished,0,0.13,10797000.0
Uttam Nagar,Independent House,2,2,2,1954.7,35,8,13,Fully-Furnished,1,3.63,9606000.0
Paschim Vihar,Builder Floor,2,2,2,1543.6,10,9,12,Unfurnished,0,0.33,12366000.0
Greater Kailash,Builder Floor,3,2,2,1278.5,29,7,10,Unfurnished,1,0.52,18077000.0
Hauz Khas,Independent House,2,2,1,1159.1,24,11,20,Semi-Furnished,0,0.95,11672000.0
Hauz Khas,Independent House,2,2,2,2712.7,23,12,19,Unfurnished,1,6.66,33522000.0
Golf Links,Apartment,3,3,1,811.6,21,1,10,Unfurnished,0,5.23,13165000.0
Mayur Vihar,Independent House,1,1,0,1281.1,3,3,10,Semi-Furnished,1,1.09,7828000.0
Pitampura,Independent House,4,3,1,1825.7,7,0,6,Fully-Furnished,2,0.66,14740000.0
Najafgarh,Apartment,4,4,1,745.5,5,11,20,Semi-Furnished,0,0.26,3602000.0
Karol Bagh,Independent House,1,1,2,2324.8,3,1,4,Semi-Furnished,1,0.32,26449000.0
Vikaspuri,Builder Floor,2,2,3,1610.4,25,7,10,Unfurnished,1,1.8,11054000.0
Saket,Apartment,3,2,2,552.0,29,8,15,Semi-Furnished,1,1.71,5565000.0
Janakpuri,Builder Floor,3,3,0,1107.1,25,3,8,Fully-Furnished,2,0.12,9888000.0
Vasant Vihar,Apartment,2,2,2,423.0,27,10,16,Unfurnished,1,0.9,7416000.0
Hauz Khas,Villa,1,1,1,3005.8,30,3,4,Semi-Furnished,1,0.93,40974000.0
Model Town,Independent House,3,3,2,1550.3,37,5,7,Unfurnished,1,4.31,11949000.0
Vikaspuri,Independent House,4,3,0,2375.7,36,5,6,Fully-Furnished,1,2.46,16648000.0
Saket,Apartment,4,3,1,1258.6,32,10,19,Semi-Furnished,1,1.99,13233000.0
Chattarpur,Apartment,3,3,2,992.2,38,11,14,Unfurnished,0,1.4,5437000.0
Model Town,Apartment,2,2,1,929.2,5,6,10,Fully-Furnished,1,0.05,10899000.0
Vasant Vihar,Builder Floor,2,2,2,1465.6,21,10,11,Semi-Furnished,1,0.76,22650000.0
Paschim Vihar,Apartment,1,1,0,792.0,16,11,19,Unfurnished,2,1.04,5349000.0
Karol Bagh,Apartment,2,2,1,976.9,1,4,5,Fully-Furnished,1,0.4,10572000.0
Vasant Vihar,Independent House,2,2,1,1799.1,32,10,15,Fully-Furnished,0,1.12,35202000.0
Mayur Vihar,Apartment,2,2,2,1423.7,8,9,15,Unfurnished,1,1.92,8830000.0
Vasant Vihar,Apartment,2,2,2,1246.0,21,12,16,Semi-Furnished,2,4.53,19339000.0
Rohini,Apartment,2,2,1,1279.8,10,12,13,Semi-Furnished,1,6.26,5945000.0
Hauz Khas,Builder Floor,2,2,2,1790.6,30,3,12,Unfurnished,0,1.54,17767000.0
Vasant Vihar,Independent House,4,3,1,2410.0,9,9,15,Semi-Furnished,1,1.0,48106000.0
Chattarpur,Apartment,2,2,0,1423.4,5,3,6,Unfurnished,2,0.34,9286000.0
Uttam Nagar,Apartment,4,4,1,870.8,29,2,5,Unfurnished,2,0.37,4544000.0
Mayur Vihar,Apartment,2,2,1,1090.2,27,6,14,Unfurnished,1,0.37,5443000.0
Model Town,Apartment,2,2,1,1027.3,37,10,14,Unfurnished,1,2.09,7463000.0
Paschim Vihar,Apartment,1,1,3,654.0,23,14,23,Unfurnished,1,0.83,4453000.0
Rohini,Apartment,3,3,1,997.2,3,3,7,Fully-Furnished,1,0.14,7751000.0
Mayur Vihar,Builder Floor,3,3,1,2013.3,5,7,15,Semi-Furnished,0,0.39,12891000.0
Janakpuri,Builder Floor,3,3,2,2045.6,30,3,8,Semi-Furnished,2,3.61,17823000.0
Model Town,Independent House,3,3,0,1463.5,38,9,18,Unfurnished,2,0.92,15474000.0
Karol Bagh,Apartment,2,2,0,830.6,36,6,11,Semi-Furnished,0,1.03,5677000.0
Lajpat Nagar,Builder Floor,3,3,3,1634.4,23,10,18,Unfurnished,1,11.5,14076000.0
Najafgarh,Apartment,2,2,2,1184.6,6,8,14,Fully-Furnished,0,0.5,5487000.0
Shahdara,Apartment,2,2,1,1027.1,35,4,13,Semi-Furnished,1,0.96,4703000.0
Janakpuri,Independent House,2,2,2,2494.2,2,2,11,Semi-Furnished,2,0.45,24780000.0
Dwarka,Builder Floor,3,3,1,666.9,15,12,21,Semi-Furnished,1,0.59,4756000.0
Janakpuri,Apartment,3,2,2,976.3,37,3,7,Unfurnished,0,1.86,5712000.0
Uttam Nagar,Apartment,3,2,2,1069.0,26,8,15,Unfurnished,1,1.94,5264000.0
Mayur Vihar,Apartment,4,4,1,935.7,39,10,15,Fully-Furnished,1,1.67,5466000.0
Hauz Khas,Apartment,3,3,2,950.9,23,1,3,Fully-Furnished,1,0.86,13781000.0
Lajpat Nagar,Apartment,3,3,0,720.4,6,0,4,Semi-Furnished,0,4.33,7965000.0
Shahdara,Apartment,3,3,2,1472.9,11,9,12,Semi-Furnished,1,2.3,8522000.0
Golf Links,Builder Floor,2,2,1,1095.3,0,5,8,Unfurnished,2,7.27,17422000.0
Golf Links,Apartment,4,4,1,1288.0,8,1,4,Unfurnished,0,0.71,24192000.0
Najafgarh,Builder Floor,3,3,0,1026.3,37,13,22,Semi-Furnished,1,0.95,3380000.0
Chattarpur,Apartment,4,4,1,1324.1,12,9,11,Unfurnished,2,0.44,8557000.0
Hauz Khas,Builder Floor,4,2,2,1439.0,37,5,8,Unfurnished,1,2.29,15275000.0
Rohini,Apartment,3,2,3,1113.7,4,0,6,Fully-Furnished,0,1.5,8969000.0
Paschim Vihar,Independent House,2,2,0,1249.8,27,1,8,Unfurnished,1,4.78,9453000.0
Chattarpur,Villa,3,2,1,2359.1,5,14,23,Semi-Furnished,2,1.44,19377000.0
Hauz Khas,Apartment,2,2,0,827.6,16,10,11,Fully-Furnished,1,4.28,9958000.0
Janakpuri,Builder Floor,3,3,1,1093.3,5,12,17,Semi-Furnished,1,1.04,9013000.0
Najafgarh,Apartment,1,1,2,889.6,33,7,12,Unfurnished,0,2.97,3015000.0
Uttam Nagar,Apartment,3,3,2,980.4,8,2,9,Unfurnished,0,0.74,5191000.0
Greater Kailash,Builder Floor,3,3,2,1487.1,15,13,21,Fully-Furnished,1,5.93,24255000.0
Vasant Vihar,Apartment,3,3,2,1147.1,32,0,6,Unfurnished,1,0.63,18243000.0
Golf Links,Apartment,3,2,1,1107.6,38,6,13,Fully-Furnished,0,3.84,20125000.0
Greater Kailash,Builder Floor,2,2,3,1276.7,38,6,10,Semi-Furnished,1,0.64,17238000.0
Golf Links,Independent House,4,4,1,2444.2,19,10,18,Unfurnished,1,5.48,45611000.0
Janakpuri,Apartment,2,2,3,1046.7,34,14,19,Fully-Furnished,1,0.06,6821000.0
Lajpat Nagar,Apartment,2,2,2,1184.9,22,6,8,Semi-Furnished,1,5.17,10206000.0
Greater Kailash,Apartment,2,2,2,956.6,33,7,16,Unfurnished,0,4.17,9808000.0
Defence Colony,Builder Floor,3,2,0,1369.3,14,13,22,Fully-Furnished,1,3.07,21719000.0
Hauz Khas,Independent House,2,2,3,1502.1,29,3,10,Unfurnished,0,0.74,18922000.0
Mayur Vihar,Builder Floor,4,4,3,841.1,26,8,15,Unfurnished,1,3.95,5294000.0
Chattarpur,Apartment,4,4,0,784.5,34,3,5,Unfurnished,0,3.74,4010000.0
Najafgarh,Apartment,2,2,2,1480.8,32,13,20,Fully-Furnished,2,1.15,6231000.0
Golf Links,Builder Floor,3,3,0,1510.4,9,14,20,Unfurnished,1,2.65,28576000.0
Shahdara,Builder Floor,2,2,2,1231.2,4,4,12,Semi-Furnished,1,0.83,6401000.0
Lajpat Nagar,Builder Floor,4,4,1,1930.7,21,10,15,Unfurnished,1,0.4,19636000.0
Vasant Vihar,Builder Floor,3,2,1,1062.6,31,8,10,Semi-Furnished,0,9.23,15127000.0
Dwarka,Apartment,4,2,2,1309.2,30,11,20,Fully-Furnished,1,3.8,9042000.0
Golf Links,Apartment,2,2,1,1253.0,36,11,12,Semi-Furnished,1,0.22,21146000.0
Janakpuri,Builder Floor,1,1,2,1750.5,2,4,7,Fully-Furnished,1,3.95,15519000.0
Rohini,Builder Floor,1,1,2,1186.2,30,11,15,Semi-Furnished,1,0.08,5357000.0
Chattarpur,Builder Floor,3,3,3,1559.6,8,2,6,Unfurnished,0,0.65,12291000.0
Greater Kailash,Apartment,5,2,2,860.1,6,10,14,Semi-Furnished,2,0.98,17981000.0
Dwarka,Apartment,4,4,2,1634.4,34,5,13,Unfurnished,2,0.31,12511000.0
Greater Kailash,Apartment,3,3,3,798.3,1,7,14,Unfurnished,0,0.21,12828000.0
Mayur Vihar,Independent House,3,3,3,2171.0,24,7,9,Semi-Furnished,1,2.98,12457000.0
Dwarka,Apartment,2,2,2,931.4,1,2,8,Semi-Furnished,1,0.5,8696000.0
Greater Kailash,Apartment,2,2,0,910.8,35,6,11,Unfurnished,1,0.22,9597000.0
Chattarpur,Apartment,3,3,1,1196.4,34,5,12,Unfurnished,1,4.21,7503000.0
Vasant Vihar,Builder Floor,1,1,1,1503.6,25,14,18,Unfurnished,0,0.61,18601000.0
Mayur Vihar,Apartment,5,2,1,1150.1,10,14,16,Unfurnished,1,1.89,9070000.0
Lajpat Nagar,Builder Floor,3,3,0,1529.0,29,6,9,Semi-Furnished,0,3.03,14843000.0
Greater Kailash,Builder Floor,1,1,1,1315.2,31,10,15,Unfurnished,2,3.32,12375000.0
Paschim Vihar,Apartment,3,3,2,1099.0,2,6,13,Semi-Furnished,1,1.1,11500000.0
Najafgarh,Independent House,2,2,1,2115.2,14,6,15,Unfurnished,1,0.89,9599000.0
Mayur Vihar,Apartment,3,3,1,1071.8,39,13,21,Unfurnished,2,0.56,4823000.0
Najafgarh,Apartment,1,1,0,604.0,12,0,3,Semi-Furnished,1,4.41,2094000.0
Saket,Independent House,3,3,2,2552.7,24,1,8,Fully-Furnished,1,0.97,35860000.0
Lajpat Nagar,Apartment,4,4,1,1248.1,10,1,9,Semi-Furnished,1,0.37,14082000.0
Najafgarh,Apartment,2,2,0,1367.3,20,2,8,Semi-Furnished,0,1.18,4432000.0
Pitampura,Apartment,2,2,2,1390.0,36,3,6,Unfurnished,1,0.66,8662000.0
Najafgarh,Builder Floor,2,2,0,1679.5,26,2,4,Unfurnished,0,2.64,6481000.0
Vasant Vihar,Apartment,4,3,1,756.3,21,1,8,Semi-Furnished,0,1.39,14958000.0
Dwarka,Builder Floor,2,2,1,1594.0,26,13,15,Fully-Furnished,1,1.05,10668000.0
Shahdara,Apartment,5,4,2,790.1,33,2,10,Semi-Furnished,0,0.31,4717000.0
Mayur Vihar,Apartment,2,2,0,880.4,37,2,7,Unfurnished,1,1.98,3666000.0
Hauz Khas,Apartment,3,2,2,828.9,4,1,4,Fully-Furnished,2,1.83,15198000.0
Vikaspuri,Villa,3,3,3,3583.6,23,7,8,Semi-Furnished,2,0.32,31640000.0
Najafgarh,Apartment,2,2,3,1112.0,19,0,8,Semi-Furnished,1,5.52,3644000.0
Vikaspuri,Apartment,3,2,1,976.4,39,6,11,Unfurnished,2,0.91,5510000.0
Karol Bagh,Apartment,2,2,1,1117.3,13,3,8,Semi-Furnished,1,4.14,9920000.0
Golf Links,Apartment,1,1,0,1494.3,7,6,10,Unfurnished,1,1.31,23241000.0
Paschim Vihar,Independent House,4,4,2,2532.8,6,6,14,Semi-Furnished,1,0.19,27730000.0
Golf Links,Apartment,3,3,3,884.1,4,10,13,Fully-Furnished,1,1.65,20250000.0
Paschim Vihar,Apartment,3,3,3,985.5,20,14,16,Semi-Furnished,1,0.54,8807000.0
Shahdara,Builder Floor,3,3,1,1355.4,31,12,18,Semi-Furnished,1,1.36,7158000.0
Vasant Vihar,Apartment,3,3,1,1536.1,10,9,14,Unfurnished,1,6.45,22296000.0
Shahdara,Builder Floor,4,2,2,1047.3,8,1,5,Fully-Furnished,2,1.74,7484000.0
Chattarpur,Apartment,1,1,3,1070.5,14,7,10,Fully-Furnished,2,2.64,6576000.0
Defence Colony,Apartment,2,2,1,1329.3,12,9,18,Semi-Furnished,2,0.06,24811000.0
Hauz Khas,Apartment,2,2,0,1239.3,17,1,10,Unfurnished,0,1.29,14993000.0
Mayur Vihar,Independent House,3,3,0,1440.5,2,12,18,Unfurnished,0,1.88,11574000.0
Paschim Vihar,Apartment,5,3,1,1264.3,29,6,10,Unfurnished,0,1.24,10344000.0
Pitampura,Independent House,1,1,1,1200.0,17,2,8,Semi-Furnished,0,0.61,6002000.0
Golf Links,Apartment,3,2,1,912.9,31,9,18,Unfurnished,2,0.17,16968000.0
Paschim Vihar,Apartment,4,3,2,1020.4,10,12,21,Semi-Furnished,0,2.48,9573000.0
Vasant Vihar,Builder Floor,4,3,1,1798.0,2,9,10,Semi-Furnished,1,0.25,32188000.0
Paschim Vihar,Villa,3,2,0,3251.0,15,8,14,Unfurnished,1,0.27,32376000.0
Shahdara,Independent House,2,2,2,2119.0,30,10,18,Unfurnished,1,1.84,10858000.0
Janakpuri,Apartment,4,3,1,1228.1,3,3,6,Semi-Furnished,2,0.61,10891000.0
Golf Links,Builder Floor,4,4,3,1117.1,27,5,13,Semi-Furnished,0,0.35,21617000.0
Uttam Nagar,Apartment,2,2,2,932.5,35,3,7,Unfurnished,0,2.21,4214000.0
Vikaspuri,Apartment,2,2,3,1382.7,4,4,10,Unfurnished,1,1.04,11042000.0
Janakpuri,Apartment,4,3,1,1229.9,27,7,10,Semi-Furnished,2,0.42,8954000.0
Vikaspuri,Builder Floor,2,2,3,1653.6,23,14,20,Unfurnished,1,2.72,11149000.0
Vasant Vihar,Apartment,4,4,2,1104.1,19,0,7,Unfurnished,2,0.27,21278000.0
Model Town,Apartment,2,2,3,1745.1,1,5,7,Fully-Furnished,1,0.47,18810000.0
Karol Bagh,Apartment,4,4,3,1409.2,4,14,15,Unfurnished,1,3.38,15043000.0
Pitampura,Builder Floor,2,2,2,1623.4,35,0,7,Unfurnished,1,0.53,8102000.0
Rohini,Apartment,2,2,1,1060.8,15,12,14,Unfurnished,1,11.51,5298000.0
Greater Kailash,Villa,2,2,2,3104.6,16,14,18,Semi-Furnished,2,5.12,44716000.0
Vikaspuri,Apartment,4,4,2,832.6,26,12,15,Semi-Furnished,2,1.72,6269000.0
Greater Kailash,Apartment,3,2,0,808.3,26,2,11,Unfurnished,0,3.04,11692000.0
Vikaspuri,Builder Floor,2,2,1,2043.0,27,10,17,Semi-Furnished,1,2.37,12355000.0
Uttam Nagar,Independent House,2,2,1,2176.9,9,2,8,Semi-Furnished,1,4.28,10414000.0
Golf Links,Apartment,5,2,0,1339.2,21,6,10,Fully-Furnished,0,0.47,28792000.0
Pitampura,Apartment,2,2,2,1354.3,24,0,3,Unfurnished,1,0.36,8131000.0
Uttam Nagar,Apartment,2,2,0,1166.3,0,8,16,Semi-Furnished,2,4.22,5669000.0
Shahdara,Apartment,2,2,1,1464.5,16,12,13,Unfurnished,1,1.52,8411000.0
Golf Links,Independent House,2,2,0,2694.4,2,6,13,Unfurnished,0,1.35,55332000.0
Hauz Khas,Builder Floor,2,2,0,1303.2,14,5,6,Semi-Furnished,1,0.44,18725000.0
Najafgarh,Independent House,1,1,2,1713.6,24,3,9,Unfurnished,0,0.77,6408000.0
Vasant Vihar,Apartment,1,1,2,1314.7,22,6,15,Unfurnished,0,1.88,17558000.0
Mayur Vihar,Independent House,3,3,1,1720.6,12,4,10,Unfurnished,1,1.36,9130000.0
Lajpat Nagar,Villa,2,2,1,3475.7,16,3,9,Fully-Furnished,1,0.2,44972000.0
Model Town,Apartment,3,3,1,1635.4,1,8,12,Fully-Furnished,1,2.42,20963000.0
Vikaspuri,Independent House,2,2,2,2406.8,39,10,16,Unfurnished,2,3.26,14694000.0
Karol Bagh,Apartment,3,2,1,1184.0,34,1,9,Fully-Furnished,1,2.67,8335000.0
Najafgarh,Apartment,3,3,0,886.8,3,0,5,Fully-Furnished,1,0.94,4831000.0
Pitampura,Builder Floor,2,2,1,1341.8,36,4,12,Unfurnished,2,8.92,7299000.0
Pitampura,Apartment,2,2,1,1143.0,19,4,6,Semi-Furnished,1,0.43,6668000.0
Shahdara,Apartment,1,1,3,606.1,5,14,23,Unfurnished,1,2.04,3071000.0
Mayur Vihar,Independent House,3,3,1,1552.2,17,9,17,Semi-Furnished,1,0.54,10659000.0
Rohini,Builder Floor,2,2,2,1498.6,20,12,21,Semi-Furnished,1,2.48,8407000.0
Mayur Vihar,Independent House,4,3,0,2497.4,30,4,12,Unfurnished,0,4.23,16399000.0
Janakpuri,Builder Floor,4,4,2,1758.8,32,6,10,Fully-Furnished,1,1.78,16120000.0
Chattarpur,Independent House,2,2,1,1908.4,17,11,17,Unfurnished,1,8.91,11627000.0
Najafgarh,Apartment,2,2,1,1177.2,32,0,8,Semi-Furnished,1,1.13,3513000.0
Model Town,Independent House,3,3,2,2387.4,24,8,11,Fully-Furnished,1,0.43,28120000.0
Shahdara,Builder Floor,1,1,2,1145.5,12,14,23,Unfurnished,0,0.85,5112000.0
Lajpat Nagar,Apartment,4,2,1,1388.1,28,6,15,Semi-Furnished,0,0.43,13749000.0
Hauz Khas,Builder Floor,3,3,0,1195.9,12,1,10,Unfurnished,1,5.22,14477000.0
Paschim Vihar,Independent House,2,2,0,2054.5,3,6,7,Fully-Furnished,0,2.3,17030000.0
Mayur Vihar,Apartment,5,3,0,1240.3,4,5,13,Semi-Furnished,0,2.06,11047000.0
Uttam Nagar,Apartment,3,3,0,1476.8,18,10,12,Semi-Furnished,2,0.61,7935000.0
Vikaspuri,Apartment,1,1,2,1149.5,3,13,14,Semi-Furnished,0,0.84,8671000.0
Rohini,Builder Floor,5,2,2,1256.6,33,5,9,Unfurnished,2,1.09,8226000.0
Golf Links,Apartment,2,2,2,1051.7,7,11,19,Unfurnished,1,2.84,22329000.0
Saket,Apartment,2,2,2,852.1,31,11,13,Unfurnished,1,3.02,7337000.0
Mayur Vihar,Apartment,5,3,3,930.2,1,2,4,Semi-Furnished,1,1.26,9334000.0
Shahdara,Builder Floor,3,3,3,1751.9,34,0,8,Fully-Furnished,1,5.22,9184000.0
Saket,Independent House,2,2,1,2187.4,39,4,8,Fully-Furnished,1,0.08,24301000.0
Defence Colony,Builder Floor,4,4,2,1056.3,2,14,15,Semi-Furnished,1,0.12,18321000.0
Saket,Villa,3,3,0,2071.5,36,6,12,Unfurnished,2,0.51,26598000.0
Najafgarh,Apartment,3,3,2,1432.5,30,0,3,Semi-Furnished,1,0.73,4929000.0
Lajpat Nagar,Apartment,5,5,3,1036.8,31,0,1,Unfurnished,0,0.37,12790000.0
Saket,Builder Floor,4,3,3,1653.8,18,12,17,Unfurnished,1,0.29,24567000.0
Paschim Vihar,Builder Floor,3,2,1,1443.7,28,0,2,Semi-Furnished,1,0.33,9924000.0
Golf Links,Apartment,2,2,0,883.2,12,1,7,Unfurnished,1,3.19,15126000.0
Rohini,Builder Floor,3,3,1,1232.9,27,3,7,Semi-Furnished,0,0.94,6646000.0
Paschim Vihar,Villa,3,3,2,2846.2,8,3,5,Unfurnished,2,0.91,29728000.0
Chattarpur,Independent House,3,3,0,2132.5,23,7,12,Fully-Furnished,1,0.61,16882000.0
Karol Bagh,Builder Floor,3,3,2,1088.7,16,0,4,Semi-Furnished,0,1.06,11516000.0
Janakpuri,Apartment,4,3,3,1083.8,7,11,20,Semi-Furnished,2,1.23,12017000.0
Chattarpur,Builder Floor,4,3,0,1560.4,14,0,6,Unfurnished,1,5.43,11394000.0
Mayur Vihar,Builder Floor,2,2,2,1589.4,6,5,11,Unfurnished,0,0.42,9871000.0
Greater Kailash,Builder Floor,2,2,0,424.9,33,8,16,Fully-Furnished,1,2.7,6599000.0
Chattarpur,Apartment,3,3,0,1348.3,28,13,19,Unfurnished,1,1.77,8447000.0
Janakpuri,Apartment,3,2,2,760.1,39,2,7,Unfurnished,0,0.91,4341000.0
Dwarka,Apartment,2,2,1,913.5,20,9,16,Semi-Furnished,1,0.98,6082000.0
Najafgarh,Independent House,4,3,3,1857.4,33,14,19,Unfurnished,1,1.86,8302000.0
Najafgarh,Apartment,2,2,0,1118.6,6,8,17,Unfurnished,2,3.19,4432000.0
Saket,Apartment,2,2,2,906.6,35,9,17,Unfurnished,0,0.97,6715000.0
Paschim Vihar,Builder Floor,3,2,2,906.3,12,12,15,Semi-Furnished,1,1.95,7914000.0
Hauz Khas,Builder Floor,2,2,1,1541.9,24,10,11,Semi-Furnished,1,12.15,15948000.0
Greater Kailash,Builder Floor,2,2,0,1713.7,38,5,12,Semi-Furnished,0,2.56,17000000.0
Model Town,Apartment,4,2,0,1381.7,21,13,20,Unfurnished,2,0.8,12800000.0
Golf Links,Builder Floor,4,3,1,1970.7,10,6,15,Fully-Furnished,0,3.61,41039000.0
Model Town,Independent House,3,2,1,2084.4,6,12,20,Semi-Furnished,2,3.29,23846000.0
Lajpat Nagar,Builder Floor,3,3,0,1263.0,35,10,12,Unfurnished,1,0.81,9664000.0
Najafgarh,Independent House,3,3,2,1932.4,27,4,13,Fully-Furnished,0,0.91,10119000.0
Saket,Apartment,2,2,1,1138.4,22,14,17,Fully-Furnished,1,2.68,12966000.0
Janakpuri,Apartment,3,3,1,1330.6,30,0,1,Semi-Furnished,1,2.77,9000000.0
Hauz Khas,Builder Floor,1,1,0,1727.6,10,14,22,Fully-Furnished,2,1.14,22351000.0
Golf Links,Builder Floor,1,1,0,1427.8,17,1,3,Unfurnished,0,2.07,19347000.0
Lajpat Nagar,Apartment,4,4,1,635.3,21,2,7,Unfurnished,1,1.71,5707000.0
Hauz Khas,Builder Floor,2,2,3,869.8,11,0,8,Semi-Furnished,1,0.38,10327000.0
Vikaspuri,Builder Floor,3,3,2,1642.8,11,5,6,Unfurnished,1,0.03,12836000.0
Karol Bagh,Apartment,3,3,2,1149.8,11,12,17,Unfurnished,0,2.63,10973000.0
Dwarka,Apartment,3,2,3,448.9,33,6,10,Unfurnished,1,6.78,2523000.0
Pitampura,Builder Floor,3,2,1,1227.8,37,6,8,Unfurnished,1,1.34,6563000.0
Janakpuri,Builder Floor,1,1,2,1249.5,17,6,14,Semi-Furnished,1,2.65,8371000.0
Karol Bagh,Apartment,3,3,2,1112.0,33,2,9,Fully-Furnished,1,1.35,10706000.0
Paschim Vihar,Builder Floor,2,2,2,1300.5,37,12,19,Semi-Furnished,1,15.0,7073000.0
Vikaspuri,Independent House,2,2,0,2910.4,22,9,16,Semi-Furnished,0,0.58,22678000.0
Dwarka,Independent House,4,3,0,1772.0,15,11,13,Unfurnished,1,2.55,15013000.0
Paschim Vihar,Builder Floor,1,1,3,1366.0,35,6,10,Semi-Furnished,0,0.55,8067000.0
Saket,Apartment,2,2,1,1193.5,23,9,11,Fully-Furnished,1,3.88,13411000.0
Rohini,Independent House,2,2,1,1853.8,20,11,15,Fully-Furnished,1,0.17,10744000.0
Greater Kailash,Apartment,3,3,0,1195.9,27,10,17,Unfurnished,0,1.05,16523000.0
Janakpuri,Builder Floor,1,1,0,1336.1,36,1,6,Unfurnished,0,0.6,6485000.0
Chattarpur,Builder Floor,3,2,2,1710.6,27,7,11,Semi-Furnished,0,0.31,8934000.0
Defence Colony,Apartment,2,2,0,1533.2,26,7,9,Unfurnished,1,4.96,20647000.0
Vikaspuri,Builder Floor,2,2,0,1793.4,3,13,17,Unfurnished,1,1.02,10909000.0
Hauz Khas,Builder Floor,4,4,3,1025.4,19,11,18,Semi-Furnished,2,5.85,14233000.0
Vikaspuri,Villa,5,2,1,3667.4,16,2,9,Fully-Furnished,1,3.71,34919000.0
Najafgarh,Apartment,3,3,2,1119.1,38,6,8,Semi-Furnished,0,4.8,3831000.0
Karol Bagh,Apartment,3,3,0,1076.6,25,13,15,Unfurnished,2,1.51,8977000.0
Saket,Builder Floor,1,1,0,1599.4,15,4,8,Unfurnished,1,6.16,15054000.0
Najafgarh,Apartment,4,3,1,989.2,33,12,18,Fully-Furnished,1,1.39,4747000.0
Janakpuri,Apartment,2,2,2,1155.0,37,7,13,Unfurnished,1,3.47,7764000.0
Shahdara,Builder Floor,2,2,1,1563.9,18,7,10,Semi-Furnished,1,1.97,8160000.0
Lajpat Nagar,Apartment,2,2,1,1836.5,16,11,12,Unfurnished,0,8.0,14449000.0
Chattarpur,Apartment,3,2,1,1113.2,14,12,14,Semi-Furnished,0,1.81,8144000.0
Vasant Vihar,Apartment,1,1,0,1277.8,17,0,4,Fully-Furnished,0,1.22,20851000.0
Najafgarh,Apartment,2,2,2,936.6,16,5,7,Semi-Furnished,1,2.65,4267000.0
Uttam Nagar,Independent House,3,3,2,2520.6,21,4,11,Unfurnished,0,6.37,8964000.0
Golf Links,Apartment,5,5,1,1552.3,14,2,8,Semi-Furnished,1,0.57,33662000.0
Greater Kailash,Apartment,3,2,1,997.5,9,12,18,Fully-Furnished,0,0.36,18215000.0
Model Town,Apartment,3,3,2,1134.3,35,5,12,Semi-Furnished,1,0.3,11228000.0
Vikaspuri,Builder Floor,3,2,2,1209.9,13,9,13,Fully-Furnished,0,6.13,9643000.0
Janakpuri,Builder Floor,3,2,1,893.2,8,12,19,Unfurnished,1,2.31,6484000.0
Uttam Nagar,Apartment,2,2,0,1045.0,36,2,11,Fully-Furnished,0,0.53,4472000.0
Vikaspuri,Apartment,2,2,1,651.3,35,5,12,Unfurnished,1,0.84,2884000.0
Uttam Nagar,Independent House,3,3,3,2196.0,1,14,21,Semi-Furnished,0,2.01,13549000.0
Karol Bagh,Apartment,2,2,2,848.1,35,6,13,Fully-Furnished,2,0.36,8079000.0
Rohini,Builder Floor,2,2,3,954.1,37,11,19,Semi-Furnished,0,0.98,5115000.0
Golf Links,Independent House,2,2,0,2275.5,8,8,16,Semi-Furnished,2,2.33,43833000.0
Dwarka,Builder Floor,2,2,0,1109.1,7,7,14,Unfurnished,0,1.53,7331000.0
Golf Links,Apartment,4,2,2,1335.3,14,13,22,Fully-Furnished,1,0.18,31718000.0
Dwarka,Builder Floor,2,2,0,1091.0,36,10,13,Semi-Furnished,1,2.56,7244000.0
Lajpat Nagar,Apartment,3,2,2,716.2,21,13,20,Unfurnished,1,0.11,6302000.0
Pitampura,Builder Floor,4,4,2,1051.1,6,9,17,Fully-Furnished,1,3.08,7956000.0
Golf Links,Apartment,3,3,1,653.0,34,13,14,Fully-Furnished,1,4.03,11716000.0
Hauz Khas,Independent House,2,2,1,2005.9,21,4,13,Unfurnished,1,5.17,22664000.0
Paschim Vihar,Apartment,4,4,2,1212.0,38,9,13,Semi-Furnished,2,0.18,9287000.0
Uttam Nagar,Independent House,2,2,0,1834.6,15,11,20,Semi-Furnished,1,0.98,8861000.0
Hauz Khas,Apartment,2,2,1,1112.0,0,2,7,Semi-Furnished,1,7.64,15225000.0
Janakpuri,Apartment,3,3,2,1020.2,35,9,18,Semi-Furnished,2,0.66,6962000.0
Janakpuri,Apartment,2,2,0,982.6,38,0,9,Unfurnished,1,11.37,4371000.0
Greater Kailash,Apartment,2,2,2,1187.6,17,8,9,Unfurnished,1,0.55,14506000.0
Uttam Nagar,Builder Floor,2,2,2,1943.9,14,5,13,Unfurnished,2,4.4,8260000.0
Dwarka,Apartment,2,2,1,992.3,24,5,9,Semi-Furnished,0,5.75,5570000.0
Greater Kailash,Apartment,2,2,2,1310.9,12,14,15,Semi-Furnished,2,0.12,18038000.0
Chattarpur,Apartment,3,3,1,300.0,11,7,10,Unfurnished,0,0.94,2392000.0
Karol Bagh,Apartment,2,2,2,1608.0,39,7,13,Semi-Furnished,1,0.14,11137000.0
Lajpat Nagar,Villa,4,4,1,4002.5,33,14,18,Semi-Furnished,1,7.0,35780000.0
Defence Colony,Apartment,3,3,1,807.5,31,9,11,Unfurnished,0,2.54,11584000.0
Model Town,Builder Floor,3,3,3,1139.2,14,13,18,Semi-Furnished,0,0.36,12799000.0
Pitampura,Apartment,2,2,1,1380.8,31,4,5,Fully-Furnished,1,2.34,9203000.0
Greater Kailash,Apartment,2,2,1,1507.3,19,7,8,Semi-Furnished,0,3.32,18225000.0
Uttam Nagar,Apartment,3,3,1,1596.7,11,4,13,Semi-Furnished,0,0.28,8856000.0
Vasant Vihar,Builder Floor,2,2,1,1054.4,29,0,4,Fully-Furnished,1,0.32,15675000.0
Vikaspuri,Apartment,2,2,2,629.4,7,11,18,Semi-Furnished,1,4.32,4950000.0
Saket,Apartment,4,4,2,1085.0,36,5,11,Unfurnished,0,0.1,11475000.0
Golf Links,Apartment,4,2,1,1308.3,21,11,14,Fully-Furnished,1,0.13,24303000.0
Hauz Khas,Apartment,1,1,1,1124.0,17,13,21,Semi-Furnished,1,1.93,12904000.0
Defence Colony,Apartment,4,4,2,1215.6,27,10,12,Semi-Furnished,2,2.77,17226000.0
Hauz Khas,Apartment,2,2,1,1158.1,19,9,18,Unfurnished,0,1.25,11540000.0
Dwarka,Apartment,2,2,1,1020.5,16,11,12,Semi-Furnished,1,1.07,4797000.0
Uttam Nagar,Apartment,2,2,0,1470.5,24,2,3,Fully-Furnished,1,0.8,6994000.0
Vikaspuri,Independent House,2,2,2,1981.4,20,4,6,Fully-Furnished,2,0.69,16432000.0
Paschim Vihar,Apartment,2,2,3,1099.2,38,9,16,Fully-Furnished,0,3.8,7485000.0
Golf Links,Apartment,3,2,2,490.9,14,13,16,Semi-Furnished,1,1.11,10078000.0
Chattarpur,Builder Floor,2,2,1,1849.9,17,2,9,Fully-Furnished,1,0.45,12523000.0
Defence Colony,Apartment,2,2,2,1858.1,30,8,13,Semi-Furnished,0,10.92,20439000.0
Paschim Vihar,Apartment,2,2,1,1341.6,5,7,12,Semi-Furnished,1,5.57,9088000.0
Vasant Vihar,Independent House,4,2,1,2635.1,6,5,8,Unfurnished,1,7.11,45709000.0
Defence Colony,Apartment,2,2,2,1081.7,2,1,2,Semi-Furnished,0,0.49,17419000.0
Paschim Vihar,Apartment,3,3,0,1055.6,26,6,9,Unfurnished,1,1.73,7803000.0
Uttam Nagar,Villa,4,3,3,3693.3,7,1,2,Semi-Furnished,1,1.94,30935000.0
Uttam Nagar,Apartment,2,2,0,1209.3,35,2,8,Semi-Furnished,0,5.85,4927000.0
Greater Kailash,Apartment,2,2,1,1342.1,17,6,9,Unfurnished,0,2.34,17134000.0
Defence Colony,Builder Floor,2,2,1,1403.0,6,8,12,Unfurnished,1,0.77,19126000.0
Mayur Vihar,Builder Floor,2,2,1,1447.9,12,1,5,Unfurnished,2,4.65,9685000.0
Chattarpur,Independent House,4,3,1,1770.2,3,8,13,Fully-Furnished,0,2.81,15698000.0
Shahdara,Apartment,4,4,0,1352.1,37,9,11,Unfurnished,2,0.82,6118000.0
Najafgarh,Apartment,2,2,1,568.9,15,6,9,Semi-Furnished,0,1.82,2186000.0
Vasant Vihar,Independent House,5,2,2,2499.4,30,5,11,Unfurnished,2,1.61,51039000.0
Dwarka,Apartment,2,2,1,1544.7,14,4,5,Fully-Furnished,0,0.56,12659000.0
Mayur Vihar,Apartment,3,3,2,1135.3,28,8,12,Fully-Furnished,1,0.84,6626000.0
Shahdara,Builder Floor,1,1,0,1522.2,26,10,16,Fully-Furnished,1,3.64,6525000.0
Shahdara,Independent House,2,2,1,2528.4,2,6,14,Semi-Furnished,2,0.66,16984000.0
Saket,Independent House,2,2,2,1693.5,18,13,19,Unfurnished,0,0.49,17102000.0
Rohini,Builder Floor,2,2,2,1499.9,31,13,16,Semi-Furnished,1,0.13,7779000.0
Vasant Vihar,Builder Floor,1,1,1,1092.9,38,8,17,Unfurnished,1,2.7,14860000.0
Mayur Vihar,Independent House,5,3,0,2627.4,7,14,19,Semi-Furnished,0,0.77,20949000.0
Paschim Vihar,Builder Floor,3,2,1,1778.7,10,1,7,Semi-Furnished,1,1.36,14043000.0
Rohini,Apartment,3,3,2,733.9,5,14,22,Unfurnished,0,0.68,5174000.0
Karol Bagh,Apartment,3,3,2,1405.6,34,14,15,Fully-Furnished,2,0.05,13682000.0
Greater Kailash,Independent House,3,3,2,3005.3,35,8,10,Fully-Furnished,1,0.25,48107000.0
Chattarpur,Independent House,1,1,2,1819.7,25,3,11,Semi-Furnished,1,0.41,9173000.0
Uttam Nagar,Apartment,2,2,2,1387.2,9,5,6,Fully-Furnished,1,7.58,6026000.0
Defence Colony,Builder Floor,2,2,2,1705.5,13,1,8,Unfurnished,1,4.31,22804000.0
Najafgarh,Apartment,2,2,1,1292.6,20,10,12,Semi-Furnished,2,4.33,4065000.0
Model Town,Independent House,3,3,1,2230.5,30,9,16,Semi-Furnished,1,7.6,15741000.0
Karol Bagh,Apartment,5,3,1,1288.5,12,8,13,Unfurnished,0,1.87,12866000.0
Uttam Nagar,Independent House,3,2,2,2472.7,26,13,16,Unfurnished,1,0.32,12362000.0
Greater Kailash,Builder Floor,3,3,0,1538.4,33,6,9,Unfurnished,2,0.91,19293000.0
Paschim Vihar,Apartment,3,3,2,1264.7,23,11,12,Unfurnished,1,9.28,8210000.0
Shahdara,Builder Floor,1,1,2,1171.0,3,14,23,Unfurnished,0,2.22,6290000.0
Golf Links,Independent House,2,2,1,2064.7,24,11,17,Fully-Furnished,1,1.16,34299000.0
Pitampura,Apartment,2,2,2,1109.8,5,8,15,Unfurnished,0,1.82,8035000.0
Model Town,Apartment,4,3,3,819.0,9,3,8,Unfurnished,1,1.87,7868000.0
Najafgarh,Apartment,2,2,2,1177.0,26,8,17,Unfurnished,2,3.63,4339000.0
Lajpat Nagar,Apartment,2,2,1,1021.6,11,13,18,Fully-Furnished,2,4.56,10305000.0
Greater Kailash,Builder Floor,3,3,1,1027.6,27,11,14,Unfurnished,0,3.04,12572000.0
Vasant Vihar,Villa,2,2,1,3208.9,12,10,14,Semi-Furnished,1,1.88,84132000.0
Model Town,Builder Floor,2,2,0,1745.8,6,0,9,Unfurnished,2,5.13,15193000.0
Pitampura,Apartment,2,2,3,1156.9,5,0,8,Unfurnished,2,0.24,9090000.0
Hauz Khas,Apartment,5,2,2,779.2,13,9,15,Unfurnished,0,0.85,10677000.0
Greater Kailash,Apartment,2,2,1,1010.3,35,5,6,Semi-Furnished,0,5.91,12841000.0
Hauz Khas,Apartment,4,3,1,1248.8,21,3,11,Unfurnished,0,4.29,14175000.0
Uttam Nagar,Apartment,3,3,3,1217.1,7,7,15,Unfurnished,1,0.24,7532000.0
Pitampura,Builder Floor,3,3,1,973.9,23,2,10,Semi-Furnished,2,4.43,6042000.0
Paschim Vihar,Apartment,3,3,1,1217.0,32,12,18,Unfurnished,0,4.89,8906000.0
Janakpuri,Apartment,3,3,2,1202.7,1,2,6,Semi-Furnished,1,0.46,12059000.0
Lajpat Nagar,Builder Floor,2,2,2,1191.6,16,7,9,Fully-Furnished,1,2.25,10724000.0
Pitampura,Independent House,2,2,1,2057.5,1,1,6,Unfurnished,2,0.25,13797000.0
Defence Colony,Apartment,1,1,3,1580.9,23,13,17,Unfurnished,2,1.76,22522000.0
Greater Kailash,Apartment,3,3,0,903.5,15,3,9,Unfurnished,1,2.79,13684000.0
Mayur Vihar,Builder Floor,2,2,1,1591.9,5,11,15,Unfurnished,1,0.13,10866000.0
Model Town,Villa,3,3,1,3102.3,36,8,17,Unfurnished,2,6.95,28505000.0
Lajpat Nagar,Independent House,2,2,3,2492.8,7,13,17,Semi-Furnished,0,1.74,26918000.0
Paschim Vihar,Builder Floor,3,3,2,1154.1,18,5,6,Unfurnished,1,3.0,7086000.0
Lajpat Nagar,Apartment,3,3,1,842.9,20,6,10,Unfurnished,1,0.21,8912000.0
Pitampura,Builder Floor,3,3,3,1099.0,31,3,7,Semi-Furnished,0,0.03,7050000.0
Mayur Vihar,Apartment,3,3,1,1026.6,13,12,15,Unfurnished,0,1.2,6448000.0
Karol Bagh,Builder Floor,3,2,2,1391.0,24,4,11,Unfurnished,1,6.75,9934000.0
Hauz Khas,Builder Floor,4,4,0,1522.9,23,4,7,Unfurnished,0,3.2,17196000.0
Saket,Apartment,2,2,1,1174.2,36,9,16,Fully-Furnished,0,0.65,12505000.0
Hauz Khas,Builder Floor,2,2,0,1620.7,18,10,19,Semi-Furnished,0,0.99,19404000.0
Mayur Vihar,Apartment,4,2,2,1410.8,21,8,16,Unfurnished,2,0.13,9867000.0
Uttam Nagar,Apartment,2,2,2,1149.7,33,8,11,Fully-Furnished,0,1.33,6145000.0
Shahdara,Builder Floor,5,3,1,1436.5,3,9,10,Unfurnished,1,1.81,8205000.0
Vasant Vihar,Apartment,1,1,1,1025.3,3,11,16,Semi-Furnished,1,0.76,15397000.0
Vasant Vihar,Apartment,3,3,2,1438.1,3,12,18,Fully-Furnished,0,0.34,27721000.0
Dwarka,Apartment,3,3,2,1349.5,30,2,8,Fully-Furnished,1,0.59,10061000.0
Dwarka,Apartment,2,2,2,1175.6,31,13,17,Unfurnished,1,0.01,7088000.0
Golf Links,Apartment,3,3,3,1259.6,21,3,7,Unfurnished,1,0.69,22293000.0
Paschim Vihar,Apartment,3,3,2,1181.5,22,8,15,Unfurnished,1,4.51,9588000.0
Model Town,Apartment,2,2,1,695.0,8,5,13,Unfurnished,1,2.79,5729000.0
Greater Kailash,Apartment,3,3,0,639.1,11,3,8,Fully-Furnished,1,1.21,13091000.0
Pitampura,Apartment,2,2,2,1042.2,34,1,8,Fully-Furnished,0,3.05,6618000.0
Najafgarh,Apartment,4,3,2,1372.5,36,1,8,Fully-Furnished,0,0.66,6129000.0
Janakpuri,Apartment,2,2,0,300.0,16,3,7,Unfurnished,2,2.74,1769000.0
Chattarpur,Apartment,4,2,2,662.8,26,12,16,Fully-Furnished,1,0.68,4974000.0
Model Town,Apartment,2,2,2,1130.1,9,14,19,Unfurnished,1,2.12,10444000.0
Mayur Vihar,Builder Floor,3,3,1,1230.5,0,3,6,Fully-Furnished,2,0.96,10520000.0
Dwarka,Apartment,2,2,1,1206.1,8,1,5,Unfurnished,2,4.54,8783000.0
Saket,Builder Floor,2,2,0,1071.1,18,10,15,Fully-Furnished,1,5.62,12048000.0
Najafgarh,Apartment,4,2,1,985.7,31,4,8,Unfurnished,2,1.02,3263000.0
Mayur Vihar,Apartment,4,4,1,1125.6,6,12,21,Unfurnished,0,3.11,7478000.0
Vikaspuri,Builder Floor,2,2,3,1149.4,6,0,8,Unfurnished,1,6.33,9254000.0
Defence Colony,Builder Floor,2,2,2,1088.5,6,0,4,Unfurnished,0,1.98,17735000.0
Defence Colony,Independent House,4,4,0,2523.3,34,6,13,Semi-Furnished,2,2.79,40200000.0
Defence Colony,Builder Floor,3,3,3,675.0,10,0,9,Unfurnished,0,2.16,11440000.0
Paschim Vihar,Villa,2,2,2,3355.1,19,3,4,Fully-Furnished,1,2.52,34231000.0
Mayur Vihar,Apartment,3,3,2,775.2,4,4,13,Fully-Furnished,0,2.93,5588000.0
Vikaspuri,Apartment,3,3,2,1156.1,32,5,7,Semi-Furnished,1,0.26,8784000.0
Karol Bagh,Builder Floor,2,2,1,1259.6,35,3,8,Unfurnished,1,5.88,6654000.0
Rohini,Apartment,2,2,2,1344.0,16,11,17,Semi-Furnished,1,3.03,7865000.0
Saket,Villa,4,2,1,3055.6,20,9,13,Unfurnished,0,0.63,40457000.0
Golf Links,Apartment,2,2,1,1292.1,0,14,22,Unfurnished,1,0.31,22818000.0
Dwarka,Builder Floor,4,3,1,1838.2,19,10,17,Unfurnished,0,7.4,14478000.0
Hauz Khas,Apartment,3,3,1,1543.4,24,4,9,Unfurnished,2,0.3,23371000.0
Hauz Khas,Builder Floor,5,3,2,1167.7,36,6,14,Fully-Furnished,1,0.15,18644000.0
Rohini,Apartment,1,1,0,1147.0,13,11,14,Semi-Furnished,1,1.85,6430000.0
Golf Links,Independent House,2,2,0,1848.9,28,4,13,Unfurnished,1,4.88,29578000.0
Pitampura,Apartment,2,2,0,724.3,6,14,20,Unfurnished,1,3.19,4549000.0
Model Town,Apartment,2,2,1,890.1,5,2,3,Unfurnished,1,1.31,7342000.0
Uttam Nagar,Villa,1,1,0,2646.3,14,2,3,Unfurnished,1,1.2,14129000.0
Rohini,Builder Floor,3,3,1,1525.0,35,2,4,Unfurnished,0,0.51,8092000.0
Vasant Vihar,Apartment,2,2,1,1148.6,35,1,10,Fully-Furnished,1,5.79,16013000.0
Golf Links,Apartment,4,3,2,793.6,39,12,16,Unfurnished,0,3.66,10580000.0
Model Town,Apartment,2,2,2,1174.3,7,14,22,Fully-Furnished,1,1.86,13865000.0
Greater Kailash,Apartment,3,2,0,1208.3,0,5,10,Semi-Furnished,0,0.19,20555000.0
Vasant Vihar,Builder Floor,3,3,2,1875.2,26,8,11,Fully-Furnished,1,1.69,28668000.0
Uttam Nagar,Builder Floor,2,2,1,1532.8,13,4,13,Semi-Furnished,1,0.2,8402000.0
Dwarka,Builder Floor,3,3,0,1357.9,33,4,11,Semi-Furnished,1,4.0,9776000.0
Janakpuri,Builder Floor,2,2,0,1260.8,20,8,16,Semi-Furnished,0,9.42,7268000.0
Golf Links,Builder Floor,4,3,2,1264.6,34,4,13,Semi-Furnished,0,2.49,24086000.0
Janakpuri,Apartment,3,2,1,1420.0,27,0,5,Fully-Furnished,0,0.62,12136000.0
Janakpuri,Apartment,4,3,3,1332.6,11,2,3,Unfurnished,1,0.36,13778000.0
Pitampura,Apartment,2,2,1,914.6,22,4,6,Unfurnished,0,2.79,5523000.0
Lajpat Nagar,Apartment,1,1,3,1135.8,1,9,12,Semi-Furnished,1,2.91,10204000.0
Paschim Vihar,Builder Floor,2,2,3,1134.1,19,12,19,Fully-Furnished,1,0.07,9570000.0
Dwarka,Builder Floor,2,2,1,977.5,32,14,23,Unfurnished,1,0.5,5706000.0
Model Town,Independent House,2,2,2,2866.0,22,11,18,Fully-Furnished,1,0.57,36252000.0
Vasant Vihar,Independent House,2,2,1,1542.8,25,2,10,Unfurnished,1,0.69,25885000.0
Karol Bagh,Builder Floor,2,2,1,1272.6,4,5,14,Semi-Furnished,0,0.34,10754000.0
Dwarka,Apartment,4,4,1,1227.2,1,2,11,Unfurnished,1,0.09,12138000.0
Shahdara,Builder Floor,3,2,2,1315.1,6,13,21,Unfurnished,2,2.33,7935000.0
Vasant Vihar,Builder Floor,2,2,1,1465.0,0,13,19,Semi-Furnished,1,0.94,27785000.0
Hauz Khas,Apartment,2,2,0,903.9,25,12,18,Fully-Furnished,0,3.96,10994000.0
Uttam Nagar,Builder Floor,4,3,3,1725.8,38,10,14,Unfurnished,0,1.29,8468000.0
Janakpuri,Builder Floor,3,3,1,1210.1,1,2,10,Unfurnished,2,2.29,8930000.0
Vikaspuri,Apartment,3,3,2,1527.1,1,13,14,Fully-Furnished,0,0.39,14774000.0
Lajpat Nagar,Apartment,3,3,3,864.5,12,1,4,Semi-Furnished,1,0.59,10257000.0
Karol Bagh,Independent House,3,3,2,2072.5,20,7,16,Fully-Furnished,1,2.33,19036000.0
Greater Kailash,Builder Floor,4,2,3,1074.3,30,7,15,Fully-Furnished,1,0.24,20121000.0
Vasant Vihar,Builder Floor,2,2,2,1724.1,30,3,12,Semi-Furnished,1,0.44,30905000.0
Mayur Vihar,Independent House,1,1,1,2169.0,25,14,20,Unfurnished,1,1.0,11255000.0
Najafgarh,Apartment,3,3,1,1810.4,18,11,12,Semi-Furnished,0,1.77,7026000.0
Pitampura,Apartment,3,3,1,1362.9,21,1,3,Unfurnished,0,0.78,9001000.0
Uttam Nagar,Apartment,2,2,0,1181.9,8,7,14,Unfurnished,1,3.98,5196000.0
Janakpuri,Builder Floor,4,3,1,1362.6,14,14,22,Unfurnished,2,1.97,10405000.0
Golf Links,Independent House,3,2,2,2578.8,8,7,13,Semi-Furnished,1,4.52,63321000.0
Najafgarh,Builder Floor,3,3,2,720.3,25,8,13,Unfurnished,2,1.35,3210000.0
Golf Links,Apartment,4,2,2,1190.8,12,14,17,Unfurnished,0,0.03,19562000.0
Greater Kailash,Apartment,3,3,0,1235.7,24,8,17,Fully-Furnished,1,4.87,16248000.0
Karol Bagh,Independent House,3,3,3,2726.8,24,2,4,Fully-Furnished,0,7.02,21421000.0
Uttam Nagar,Apartment,5,4,0,644.4,35,4,6,Semi-Furnished,1,1.75,3205000.0
Hauz Khas,Builder Floor,1,1,2,1393.3,3,10,18,Unfurnished,1,0.12,16440000.0
Vasant Vihar,Builder Floor,3,3,2,1437.9,27,3,4,Fully-Furnished,0,1.26,29313000.0
Hauz Khas,Apartment,3,3,1,942.7,25,7,8,Unfurnished,2,2.11,12590000.0
Pitampura,Apartment,2,2,1,835.7,0,13,19,Unfurnished,2,4.86,4389000.0
Hauz Khas,Builder Floor,2,2,2,1517.5,17,14,23,Fully-Furnished,0,3.05,20974000.0
Uttam Nagar,Builder Floor,4,2,2,1572.5,20,12,20,Semi-Furnished,1,1.41,8142000.0
Defence Colony,Builder Floor,5,4,1,1290.0,32,5,6,Semi-Furnished,1,0.81,18230000.0
Mayur Vihar,Apartment,1,1,3,842.0,14,5,6,Fully-Furnished,0,1.16,6106000.0
Greater Kailash,Apartment,3,3,2,1174.1,0,8,9,Fully-Furnished,0,0.74,21264000.0
Lajpat Nagar,Apartment,3,3,3,447.0,19,11,15,Semi-Furnished,1,8.48,4122000.0
Greater Kailash,Apartment,2,2,2,1019.6,32,5,14,Unfurnished,2,11.34,10860000.0
Greater Kailash,Builder Floor,3,3,1,1504.2,30,13,14,Unfurnished,0,3.62,18530000.0
Model Town,Apartment,2,2,2,1634.3,27,1,2,Unfurnished,0,0.01,15958000.0
Hauz Khas,Apartment,3,3,2,944.0,36,3,7,Semi-Furnished,0,1.81,12477000.0
Mayur Vihar,Apartment,2,2,1,1224.4,32,11,12,Unfurnished,1,4.18,6319000.0
Golf Links,Apartment,1,1,1,1689.8,18,8,14,Unfurnished,1,2.43,28478000.0
Defence Colony,Builder Floor,1,1,0,1939.5,15,10,14,Fully-Furnished,2,4.61,24558000.0
Mayur Vihar,Apartment,2,2,2,1134.6,28,6,12,Fully-Furnished,1,1.11,8179000.0
Janakpuri,Apartment,3,3,1,1362.0,26,13,18,Semi-Furnished,1,6.56,8253000.0
Hauz Khas,Builder Floor,1,1,3,2411.5,2,6,11,Fully-Furnished,0,8.24,30135000.0
Chattarpur,Builder Floor,3,3,1,1406.6,10,7,15,Unfurnished,0,0.84,10811000.0
Shahdara,Builder Floor,2,2,0,943.3,0,11,13,Fully-Furnished,1,1.17,5861000.0
Najafgarh,Villa,2,2,1,3117.5,14,2,8,Unfurnished,1,0.19,14747000.0
Defence Colony,Apartment,2,2,0,1266.5,19,13,15,Unfurnished,2,0.95,18310000.0
Vasant Vihar,Builder Floor,3,2,3,1638.2,25,13,21,Unfurnished,1,2.15,28488000.0
Chattarpur,Apartment,5,3,2,1451.5,17,8,16,Unfurnished,1,7.01,10671000.0
Najafgarh,Apartment,2,2,1,1173.9,34,6,13,Semi-Furnished,1,0.59,3670000.0
Defence Colony,Builder Floor,2,2,2,1340.9,31,2,9,Unfurnished,0,1.23,18630000.0
Karol Bagh,Apartment,4,2,2,373.0,1,4,7,Semi-Furnished,1,6.5,3088000.0
Defence Colony,Builder Floor,2,2,2,1248.3,0,6,7,Fully-Furnished,0,2.87,21799000.0
Saket,Builder Floor,3,3,2,1229.4,31,3,8,Semi-Furnished,1,10.71,11274000.0
Uttam Nagar,Apartment,3,3,1,1579.8,11,9,17,Unfurnished,1,1.34,8481000.0
Hauz Khas,Apartment,3,3,1,1354.6,19,13,14,Unfurnished,2,1.25,17598000.0
Uttam Nagar,Apartment,2,2,2,1440.2,18,8,15,Fully-Furnished,1,0.13,8301000.0
Greater Kailash,Apartment,5,2,1,1199.7,16,13,22,Unfurnished,1,3.42,21059000.0
Vasant Vihar,Apartment,4,4,2,931.7,19,3,7,Semi-Furnished,1,1.23,15240000.0
Lajpat Nagar,Apartment,3,3,0,921.6,31,4,12,Unfurnished,2,5.24,6945000.0
Paschim Vihar,Builder Floor,4,4,0,1441.0,8,0,5,Unfurnished,1,0.35,12777000.0
Chattarpur,Apartment,2,2,0,592.1,37,2,4,Unfurnished,0,0.38,2848000.0
Karol Bagh,Builder Floor,2,2,3,829.7,6,14,23,Unfurnished,1,0.65,7653000.0
Hauz Khas,Independent House,3,3,2,2603.4,29,1,8,Unfurnished,0,0.92,32187000.0
Karol Bagh,Builder Floor,2,2,1,1258.8,28,2,3,Unfurnished,1,2.44,7846000.0
Golf Links,Apartment,3,3,1,467.0,15,12,14,Unfurnished,0,0.17,8340000.0
Lajpat Nagar,Apartment,2,2,2,1308.0,29,14,23,Semi-Furnished,0,1.46,9440000.0
Pitampura,Apartment,3,3,1,647.6,35,4,8,Semi-Furnished,2,5.77,3416000.0
Shahdara,Apartment,3,3,1,1287.9,27,12,21,Unfurnished,1,3.98,5435000.0
Saket,Apartment,3,2,2,1114.7,4,14,19,Semi-Furnished,2,4.86,11744000.0
Chattarpur,Apartment,3,3,1,1158.4,29,12,16,Semi-Furnished,1,1.91,8221000.0
Shahdara,Builder Floor,3,2,0,1435.8,11,1,8,Unfurnished,1,3.78,7040000.0
Uttam Nagar,Villa,4,3,2,3243.7,17,12,20,Semi-Furnished,1,3.14,20223000.0
Pitampura,Apartment,2,2,1,1504.6,34,13,17,Semi-Furnished,2,0.98,6847000.0
Chattarpur,Apartment,3,3,1,1199.2,2,6,14,Unfurnished,2,0.66,8649000.0
Model Town,Apartment,3,3,2,875.9,0,0,5,Semi-Furnished,0,6.78,9001000.0
Vasant Vihar,Villa,2,2,1,3590.7,29,14,15,Unfurnished,1,1.71,58168000.0
Saket,Apartment,4,2,1,1516.6,12,9,10,Semi-Furnished,0,0.99,17873000.0
Mayur Vihar,Apartment,3,3,1,685.5,21,11,20,Fully-Furnished,0,0.35,3846000.0
Najafgarh,Builder Floor,1,1,1,1627.7,13,9,10,Semi-Furnished,2,0.41,5249000.0
Najafgarh,Apartment,2,2,1,384.1,17,14,22,Semi-Furnished,1,3.36,1048000.0
Vasant Vihar,Builder Floor,2,2,1,718.4,21,9,11,Unfurnished,2,0.02,9748000.0
Shahdara,Apartment,3,3,2,723.2,25,9,12,Unfurnished,0,0.67,3606000.0
Pitampura,Apartment,2,2,1,869.1,1,8,15,Semi-Furnished,1,4.66,5170000.0
Mayur Vihar,Villa,3,2,3,3653.2,8,7,12,Semi-Furnished,1,2.27,39027000.0
Saket,Builder Floor,2,2,1,1304.8,39,7,16,Unfurnished,2,1.12,14365000.0
Saket,Independent House,3,3,1,1401.9,6,8,13,Semi-Furnished,0,2.96,17871000.0
Karol Bagh,Builder Floor,3,2,0,1011.5,8,7,8,Fully-Furnished,2,0.82,8703000.0
Saket,Apartment,2,2,1,1161.6,19,10,15,Semi-Furnished,2,3.78,12717000.0
Hauz Khas,Apartment,2,2,1,1648.7,37,7,15,Semi-Furnished,1,5.66,15632000.0
Vikaspuri,Builder Floor,2,2,2,1484.5,30,14,21,Unfurnished,1,1.0,9613000.0
Vikaspuri,Apartment,2,2,1,819.4,24,8,15,Semi-Furnished,0,0.73,5024000.0
Karol Bagh,Apartment,2,2,2,1243.2,26,14,21,Semi-Furnished,0,0.64,8601000.0
Vasant Vihar,Builder Floor,3,3,2,1463.8,13,10,12,Semi-Furnished,1,0.81,26574000.0
Pitampura,Villa,3,3,3,4143.4,30,0,9,Semi-Furnished,0,3.19,29038000.0
Mayur Vihar,Apartment,3,3,2,836.3,25,2,4,Semi-Furnished,1,0.66,4306000.0
Najafgarh,Builder Floor,3,3,2,1699.0,27,5,9,Semi-Furnished,0,3.15,6566000.0
Lajpat Nagar,Villa,2,2,1,4211.1,2,14,21,Fully-Furnished,1,0.53,58154000.0
Golf Links,Apartment,3,3,1,1200.5,19,13,18,Semi-Furnished,2,1.35,26417000.0
Uttam Nagar,Apartment,2,2,1,1335.7,7,11,16,Unfurnished,2,0.16,7394000.0
Uttam Nagar,Villa,3,3,2,2533.9,36,10,11,Unfurnished,2,1.23,14711000.0
Uttam Nagar,Independent House,1,1,2,1658.8,34,7,12,Unfurnished,1,0.13,8164000.0
Lajpat Nagar,Apartment,3,2,2,1094.4,38,12,13,Semi-Furnished,0,1.48,11017000.0
Model Town,Apartment,3,3,3,1314.5,0,9,11,Semi-Furnished,2,2.64,18293000.0
Model Town,Apartment,3,3,1,886.4,34,1,6,Fully-Furnished,0,2.8,7924000.0
Saket,Apartment,3,3,1,1160.4,37,7,10,Semi-Furnished,0,2.2,11193000.0
Shahdara,Builder Floor,2,2,1,1233.8,12,5,6,Semi-Furnished,0,1.63,6875000.0
Defence Colony,Builder Floor,1,1,2,1619.0,5,13,21,Semi-Furnished,1,1.51,24006000.0
Hauz Khas,Apartment,4,4,0,1178.5,14,0,4,Unfurnished,1,1.77,13756000.0
Lajpat Nagar,Apartment,4,3,0,1480.1,22,13,16,Semi-Furnished,1,3.12,12474000.0
Hauz Khas,Builder Floor,2,2,2,1415.5,16,5,7,Unfurnished,1,0.14,17493000.0
Defence Colony,Apartment,5,5,0,1241.9,38,14,21,Semi-Furnished,1,8.13,16218000.0
Pitampura,Independent House,4,4,3,2135.4,21,14,16,Semi-Furnished,2,3.59,17771000.0
Vikaspuri,Builder Floor,4,3,1,1688.0,27,10,13,Unfurnished,2,1.28,11546000.0
Hauz Khas,Apartment,2,2,2,1639.6,18,1,2,Semi-Furnished,2,0.55,20086000.0
Rohini,Independent House,1,1,2,1630.4,15,8,17,Fully-Furnished,1,1.4,12617000.0
Greater Kailash,Apartment,2,2,1,1027.6,12,10,15,Unfurnished,1,0.07,16321000.0
Lajpat Nagar,Builder Floor,3,3,0,1545.7,16,0,1,Unfurnished,1,1.51,12747000.0
Hauz Khas,Independent House,2,2,0,1771.1,3,9,12,Unfurnished,2,4.06,23543000.0
Paschim Vihar,Apartment,2,2,0,1155.4,36,3,5,Unfurnished,1,3.28,7811000.0
Vasant Vihar,Builder Floor,2,2,1,1034.7,5,4,13,Unfurnished,1,8.93,16836000.0
Vikaspuri,Builder Floor,3,3,2,1345.9,33,12,19,Unfurnished,1,1.33,7703000.0
Najafgarh,Independent House,4,4,2,2062.6,28,1,3,Semi-Furnished,1,0.27,11563000.0
Karol Bagh,Builder Floor,5,2,0,1533.2,1,5,10,Unfurnished,1,5.2,15525000.0
Dwarka,Apartment,4,4,0,941.9,1,4,6,Unfurnished,1,4.92,8152000.0
Saket,Independent House,4,4,0,2661.5,3,8,13,Fully-Furnished,0,0.89,38544000.0
Rohini,Builder Floor,4,2,2,1448.0,23,3,11,Fully-Furnished,1,4.22,10384000.0
Najafgarh,Apartment,2,2,0,1262.1,8,8,9,Fully-Furnished,2,0.57,5183000.0
Model Town,Apartment,2,2,1,1050.2,28,13,21,Unfurnished,2,1.95,8531000.0
Mayur Vihar,Apartment,1,1,2,1462.1,3,4,13,Unfurnished,1,2.88,8553000.0
Hauz Khas,Builder Floor,2,2,0,1080.7,34,10,11,Fully-Furnished,0,2.23,12109000.0
Defence Colony,Builder Floor,2,2,2,1251.8,31,11,14,Semi-Furnished,0,0.7,18407000.0
Mayur Vihar,Apartment,3,2,1,551.0,18,8,17,Unfurnished,1,2.64,3384000.0
Saket,Independent House,2,2,3,1794.6,14,8,13,Unfurnished,0,0.63,19064000.0
Greater Kailash,Apartment,3,3,0,1136.3,22,7,12,Unfurnished,1,3.69,14376000.0
Mayur Vihar,Apartment,2,2,2,1616.8,17,7,15,Unfurnished,0,1.33,6510000.0
Najafgarh,Villa,3,3,1,3146.3,9,12,14,Semi-Furnished,2,0.26,19280000.0
Rohini,Apartment,2,2,2,1007.0,5,5,6,Semi-Furnished,1,2.86,6717000.0
Defence Colony,Apartment,2,2,1,832.0,1,9,11,Fully-Furnished,1,2.63,13833000.0
Najafgarh,Apartment,2,2,1,905.0,26,4,6,Unfurnished,2,4.18,3196000.0
Uttam Nagar,Apartment,4,4,2,1593.9,11,0,9,Unfurnished,2,3.89,7778000.0
Janakpuri,Independent House,3,3,1,2249.7,27,9,11,Unfurnished,0,0.02,16188000.0
Najafgarh,Builder Floor,1,1,2,1169.2,11,2,4,Semi-Furnished,0,3.67,3630000.0
Chattarpur,Builder Floor,1,1,0,1597.3,1,12,21,Unfurnished,1,1.01,8810000.0
Najafgarh,Apartment,1,1,1,1224.2,37,4,8,Semi-Furnished,0,5.28,3347000.0
Chattarpur,Apartment,2,2,1,982.5,4,14,21,Unfurnished,1,1.23,6525000.0
Mayur Vihar,Apartment,1,1,2,991.6,2,8,10,Unfurnished,0,2.87,5431000.0
Golf Links,Apartment,2,2,2,688.2,1,2,3,Semi-Furnished,2,0.68,13545000.0
Model Town,Apartment,4,2,0,1176.3,10,10,18,Semi-Furnished,0,0.52,11542000.0
Paschim Vihar,Apartment,5,3,3,990.7,19,2,5,Unfurnished,2,1.13,9740000.0
Uttam Nagar,Apartment,3,3,2,833.9,14,11,15,Semi-Furnished,1,1.14,4731000.0
Rohini,Apartment,3,3,1,990.9,4,10,15,Unfurnished,1,7.62,5429000.0
Karol Bagh,Apartment,4,3,1,342.5,11,12,15,Semi-Furnished,0,1.66,2722000.0
Karol Bagh,Independent House,2,2,2,2105.2,32,0,1,Fully-Furnished,2,0.53,19411000.0
Model Town,Independent House,4,3,2,1963.4,30,3,4,Unfurnished,0,2.94,18158000.0
Model Town,Independent House,2,2,3,1804.7,10,12,14,Fully-Furnished,2,4.21,21066000.0
Greater Kailash,Independent House,1,1,0,2036.7,3,5,6,Semi-Furnished,1,0.69,30101000.0
Hauz Khas,Apartment,3,2,2,572.9,27,6,14,Unfurnished,1,2.34,7275000.0
Shahdara,Apartment,2,2,1,1254.1,25,4,6,Unfurnished,1,4.62,5717000.0
Mayur Vihar,Builder Floor,2,2,1,1060.8,5,9,11,Unfurnished,0,0.4,7007000.0
Janakpuri,Apartment,2,2,0,1186.1,5,2,3,Unfurnished,1,0.97,9790000.0
Pitampura,Builder Floor,2,2,3,1759.8,19,5,8,Unfurnished,0,8.8,9386000.0
Najafgarh,Apartment,3,3,0,1058.9,18,4,12,Fully-Furnished,0,1.34,4661000.0
Janakpuri,Builder Floor,3,3,1,929.7,4,0,8,Fully-Furnished,1,2.42,8558000.0
Hauz Khas,Builder Floor,1,1,0,1910.3,38,2,9,Unfurnished,1,0.23,17894000.0
Janakpuri,Builder Floor,2,2,2,1330.3,15,8,12,Fully-Furnished,2,3.74,11868000.0
Lajpat Nagar,Apartment,3,2,1,1267.8,39,2,5,Unfurnished,0,0.86,10343000.0
Model Town,Independent House,3,3,1,1773.5,2,7,16,Unfurnished,0,1.52,21872000.0
Pitampura,Apartment,3,3,2,1002.9,22,4,5,Fully-Furnished,2,0.55,7859000.0
Vasant Vihar,Apartment,4,3,1,1618.7,2,4,8,Unfurnished,1,2.63,36613000.0
Hauz Khas,Apartment,2,2,3,943.0,36,11,20,Semi-Furnished,2,2.64,11144000.0
Chattarpur,Builder Floor,2,2,1,1632.6,37,10,12,Unfurnished,1,0.48,9467000.0
Hauz Khas,Builder Floor,5,4,1,899.0,17,3,6,Fully-Furnished,0,0.2,13766000.0
Najafgarh,Independent House,4,3,3,2158.5,19,2,9,Semi-Furnished,1,3.17,10787000.0
Paschim Vihar,Builder Floor,5,4,1,1061.5,33,1,5,Unfurnished,0,1.82,9606000.0
Mayur Vihar,Apartment,3,3,1,1283.3,22,9,13,Fully-Furnished,1,4.9,7181000.0
Lajpat Nagar,Builder Floor,2,2,1,844.1,31,7,12,Semi-Furnished,1,3.72,7116000.0
Golf Links,Apartment,3,2,3,1608.9,24,7,11,Semi-Furnished,0,1.37,26819000.0
Vasant Vihar,Villa,2,2,1,4653.9,19,13,19,Semi-Furnished,0,1.34,98968000.0
Karol Bagh,Apartment,2,2,0,552.2,29,4,7,Unfurnished,0,0.48,3966000.0
Model Town,Apartment,3,3,0,1014.5,34,14,15,Unfurnished,2,1.19,6950000.0
Vikaspuri,Apartment,3,3,1,1500.3,20,6,7,Fully-Furnished,1,0.04,10166000.0
Karol Bagh,Villa,2,2,1,2404.3,32,7,14,Fully-Furnished,1,2.85,23717000.0
Model Town,Apartment,2,2,1,1274.2,31,8,13,Semi-Furnished,1,2.22,10444000.0
Hauz Khas,Builder Floor,3,2,1,1639.8,28,5,10,Unfurnished,1,2.77,19433000.0
Chattarpur,Apartment,4,2,3,1040.5,31,12,17,Unfurnished,0,0.65,5632000.0
Lajpat Nagar,Apartment,3,3,1,630.4,39,4,5,Semi-Furnished,1,3.0,4224000.0
Pitampura,Builder Floor,2,2,1,1525.2,36,0,9,Unfurnished,0,0.12,7871000.0
Janakpuri,Apartment,3,3,3,1098.4,10,13,19,Unfurnished,1,0.4,9419000.0
Model Town,Apartment,2,2,0,1046.2,6,7,11,Unfurnished,1,2.85,8661000.0
Greater Kailash,Apartment,2,2,2,1141.5,37,7,10,Fully-Furnished,1,1.51,15578000.0
Shahdara,Independent House,4,3,0,1852.9,36,4,11,Semi-Furnished,1,1.32,10519000.0
Najafgarh,Apartment,3,3,1,870.3,31,13,16,Unfurnished,1,1.88,2810000.0
Defence Colony,Independent House,2,2,1,2311.9,15,4,5,Fully-Furnished,1,0.53,36265000.0
Shahdara,Independent House,3,2,1,1518.8,2,8,16,Unfurnished,1,6.39,8658000.0
Defence Colony,Builder Floor,2,2,0,1738.6,34,13,19,Unfurnished,1,1.41,15916000.0
Mayur Vihar,Apartment,2,2,2,1053.4,8,14,19,Unfurnished,0,2.91,6555000.0
Greater Kailash,Builder Floor,3,3,1,1608.6,25,10,16,Semi-Furnished,1,2.31,25522000.0
Greater Kailash,Apartment,5,2,0,1581.9,6,2,10,Unfurnished,2,3.56,24680000.0
Dwarka,Apartment,2,2,1,1052.4,28,14,21,Unfurnished,0,0.03,6009000.0
Model Town,Builder Floor,3,2,2,1705.3,24,7,15,Fully-Furnished,1,1.17,14980000.0
Mayur Vihar,Independent House,3,3,2,2503.6,38,3,6,Fully-Furnished,0,4.31,14348000.0
Paschim Vihar,Apartment,3,3,2,1527.4,24,1,10,Unfurnished,1,2.14,10616000.0
Uttam Nagar,Independent House,2,2,0,1431.8,29,10,11,Semi-Furnished,2,4.21,6410000.0
Uttam Nagar,Villa,1,1,0,2914.5,21,2,8,Semi-Furnished,0,1.01,13956000.0
Uttam Nagar,Apartment,2,2,2,723.0,25,13,20,Unfurnished,2,0.16,3039000.0
Golf Links,Apartment,2,2,2,537.3,32,6,9,Semi-Furnished,2,2.01,10218000.0
Greater Kailash,Independent House,4,4,2,2277.9,39,1,7,Semi-Furnished,1,1.88,38628000.0
Janakpuri,Independent House,2,2,1,2878.8,24,4,9,Unfurnished,1,0.69,19396000.0
Paschim Vihar,Apartment,4,4,0,1404.9,35,1,9,Semi-Furnished,2,0.15,11095000.0
Lajpat Nagar,Apartment,3,3,2,937.8,11,4,11,Unfurnished,2,0.34,9373000.0
Greater Kailash,Builder Floor,2,2,2,1566.9,1,11,19,Fully-Furnished,2,0.81,28708000.0
Vasant Vihar,Apartment,3,2,2,1307.0,2,11,15,Unfurnished,1,0.59,29396000.0
Hauz Khas,Apartment,3,3,1,569.2,31,8,13,Semi-Furnished,1,0.29,6574000.0
Model Town,Apartment,1,1,0,1026.5,31,2,6,Unfurnished,0,3.9,6279000.0
Greater Kailash,Apartment,2,2,1,678.3,36,2,5,Unfurnished,0,5.9,6043000.0
Lajpat Nagar,Apartment,3,3,2,985.9,12,6,14,Unfurnished,1,5.72,9036000.0
Najafgarh,Apartment,3,3,1,890.0,6,1,10,Unfurnished,1,0.14,4375000.0
Pitampura,Apartment,5,2,0,1071.0,2,9,16,Semi-Furnished,0,1.23,8413000.0
Hauz Khas,Independent House,4,4,2,1876.0,8,11,18,Semi-Furnished,1,0.1,30409000.0
Dwarka,Apartment,3,2,2,1326.9,34,9,18,Unfurnished,1,0.61,9269000.0
Uttam Nagar,Apartment,4,4,1,1186.8,5,4,12,Semi-Furnished,0,0.15,6025000.0
Janakpuri,Builder Floor,1,1,0,1475.3,10,9,13,Semi-Furnished,1,1.91,8342000.0
Saket,Apartment,2,2,2,1386.2,34,5,10,Semi-Furnished,1,0.81,13431000.0
Paschim Vihar,Apartment,5,5,2,1043.1,12,12,20,Fully-Furnished,1,7.18,10628000.0
Shahdara,Builder Floor,4,4,1,1765.2,31,10,14,Unfurnished,1,6.68,8179000.0
Greater Kailash,Independent House,2,2,0,1673.4,30,3,7,Fully-Furnished,2,0.25,24782000.0
Karol Bagh,Apartment,3,2,3,1663.2,20,14,16,Fully-Furnished,2,3.28,14885000.0
Najafgarh,Apartment,3,3,2,870.4,28,4,13,Unfurnished,0,5.05,3021000.0
Saket,Builder Floor,4,3,0,1354.4,5,8,14,Unfurnished,1,0.13,18079000.0
Chattarpur,Apartment,3,3,3,1233.9,8,6,9,Unfurnished,2,1.06,9103000.0
Hauz Khas,Apartment,4,2,2,763.2,19,1,6,Semi-Furnished,2,2.11,10785000.0
Vasant Vihar,Independent House,3,3,1,1694.7,29,9,16,Semi-Furnished,1,3.81,23825000.0
Golf Links,Apartment,4,3,2,1134.8,24,11,19,Unfurnished,1,1.3,23164000.0
Dwarka,Apartment,2,2,0,507.6,13,14,22,Unfurnished,1,0.76,3624000.0
Najafgarh,Independent House,1,1,1,2364.8,32,3,5,Fully-Furnished,0,0.91,8852000.0
Chattarpur,Apartment,5,5,1,1258.9,8,10,14,Unfurnished,1,4.41,10300000.0
Paschim Vihar,Apartment,2,2,2,753.5,34,5,6,Semi-Furnished,0,1.18,5503000.0
Chattarpur,Builder Floor,3,3,3,1593.8,3,10,13,Unfurnished,0,0.5,13069000.0
Defence Colony,Builder Floor,3,3,2,1563.4,26,9,18,Semi-Furnished,0,0.14,20529000.0
Saket,Apartment,2,2,2,1449.4,23,9,13,Semi-Furnished,2,0.79,16222000.0
Paschim Vihar,Apartment,3,3,2,1067.8,26,3,5,Unfurnished,1,0.04,9141000.0
Karol Bagh,Builder Floor,2,2,1,1277.2,37,6,14,Fully-Furnished,0,0.3,9893000.0
Dwarka,Apartment,2,2,2,1527.2,32,13,21,Unfurnished,2,1.53,9929000.0
Najafgarh,Apartment,4,3,3,1951.9,7,0,4,Unfurnished,1,0.28,9699000.0
Dwarka,Apartment,4,3,2,869.7,33,5,12,Semi-Furnished,0,1.03,6261000.0
Saket,Apartment,2,2,0,1249.8,34,9,11,Unfurnished,0,1.04,10257000.0
Janakpuri,Independent House,2,2,0,2068.2,21,9,16,Unfurnished,1,0.98,16143000.0
Saket,Builder Floor,2,2,1,1109.9,9,2,9,Fully-Furnished,1,0.08,14847000.0
Janakpuri,Builder Floor,4,3,1,642.2,19,1,7,Unfurnished,2,2.28,5273000.0
Pitampura,Independent House,3,2,2,1482.9,8,2,11,Semi-Furnished,1,0.49,12586000.0
Vikaspuri,Apartment,3,2,2,1082.2,11,5,7,Unfurnished,1,0.49,9344000.0
Golf Links,Builder Floor,1,1,3,1637.4,28,14,16,Unfurnished,1,2.41,21457000.0
Vasant Vihar,Villa,3,3,0,3777.1,6,3,10,Semi-Furnished,0,2.89,82417000.0
Najafgarh,Builder Floor,2,2,1,1487.3,6,8,12,Semi-Furnished,0,0.33,5738000.0
Uttam Nagar,Apartment,2,2,2,922.5,31,9,11,Fully-Furnished,1,0.01,4429000.0
Defence Colony,Villa,2,2,2,3134.8,31,6,11,Semi-Furnished,0,0.96,51018000.0
Paschim Vihar,Apartment,2,2,1,1051.5,25,4,8,Unfurnished,1,3.48,6515000.0
Rohini,Apartment,3,3,0,1366.0,15,4,7,Semi-Furnished,1,1.46,7826000.0
Shahdara,Apartment,2,2,1,1033.5,24,13,17,Unfurnished,1,1.97,4655000.0
Paschim Vihar,Apartment,2,2,2,1078.0,31,5,14,Unfurnished,0,1.32,6961000.0
Greater Kailash,Builder Floor,2,2,0,1057.5,12,13,22,Unfurnished,0,0.64,12683000.0
Paschim Vihar,Villa,4,2,3,3826.9,25,2,11,Unfurnished,1,4.32,35179000.0
Golf Links,Apartment,1,1,1,1091.9,3,9,16,Unfurnished,1,0.35,19080000.0
Defence Colony,Apartment,4,2,1,811.8,20,10,15,Fully-Furnished,1,8.13,14634000.0
Paschim Vihar,Apartment,2,2,2,1208.5,25,11,19,Semi-Furnished,2,0.63,9149000.0
Janakpuri,Builder Floor,3,3,1,1605.7,4,12,14,Unfurnished,1,14.46,10781000.0
Najafgarh,Builder Floor,3,3,1,1343.1,5,0,7,Semi-Furnished,1,0.44,7090000.0
Najafgarh,Apartment,4,3,0,1088.3,19,14,19,Semi-Furnished,1,5.38,4226000.0
Paschim Vihar,Apartment,2,2,1,873.3,11,1,7,Unfurnished,2,0.24,7277000.0
Saket,Apartment,3,2,1,627.0,6,14,21,Fully-Furnished,1,1.24,8075000.0
Defence Colony,Independent House,2,2,0,2035.5,35,8,13,Unfurnished,0,0.16,27625000.0
Greater Kailash,Apartment,4,3,1,1757.0,22,11,16,Unfurnished,1,2.95,27417000.0
Rohini,Apartment,4,4,1,1304.0,17,12,17,Semi-Furnished,1,2.06,9440000.0
Pitampura,Apartment,3,3,0,558.8,20,13,18,Semi-Furnished,1,4.41,2758000.0
Najafgarh,Independent House,4,4,3,2009.8,38,12,19,Semi-Furnished,0,0.88,9703000.0
Pitampura,Independent House,3,3,1,1893.0,31,5,9,Unfurnished,0,1.57,9845000.0
Najafgarh,Apartment,3,3,2,612.5,29,0,8,Semi-Furnished,1,0.3,1849000.0
Rohini,Apartment,1,1,1,836.4,32,8,16,Unfurnished,1,3.05,3370000.0
Najafgarh,Apartment,2,2,2,1935.8,14,7,10,Semi-Furnished,0,1.47,8266000.0
Dwarka,Builder Floor,3,3,1,1167.6,23,13,21,Fully-Furnished,0,0.71,8149000.0
Mayur Vihar,Apartment,2,2,1,1729.3,32,6,15,Unfurnished,2,0.5,9343000.0
Shahdara,Apartment,3,3,0,1124.9,23,2,10,Unfurnished,1,0.88,5713000.0
Saket,Independent House,3,3,2,913.5,23,5,12,Semi-Furnished,2,1.59,10407000.0
Model Town,Apartment,3,2,0,956.8,25,14,22,Semi-Furnished,1,1.4,10033000.0
Hauz Khas,Apartment,3,3,2,1364.4,29,9,15,Unfurnished,0,0.25,17490000.0
Janakpuri,Builder Floor,5,2,3,1021.1,6,11,15,Unfurnished,2,4.38,10054000.0
Najafgarh,Apartment,3,3,2,384.5,30,14,23,Semi-Furnished,1,4.34,1384000.0
Defence Colony,Builder Floor,2,2,0,1223.1,12,0,5,Unfurnished,2,0.27,17915000.0
Shahdara,Independent House,3,3,2,457.4,13,1,2,Fully-Furnished,1,1.0,3442000.0
Mayur Vihar,Apartment,3,3,0,1842.5,14,11,16,Unfurnished,0,1.84,11027000.0
Model Town,Apartment,5,3,0,1144.3,36,11,12,Unfurnished,0,4.71,9453000.0
Paschim Vihar,Independent House,3,3,2,2375.3,9,1,6,Semi-Furnished,2,1.46,24068000.0
Janakpuri,Apartment,2,2,0,886.7,30,10,15,Unfurnished,0,6.1,5405000.0
Dwarka,Villa,1,1,0,3505.4,6,11,19,Unfurnished,1,1.53,34317000.0
Greater Kailash,Apartment,2,2,2,1126.8,27,7,12,Unfurnished,1,4.74,15569000.0
Vikaspuri,Apartment,5,3,2,888.5,19,12,19,Unfurnished,1,6.02,6159000.0
Uttam Nagar,Villa,3,3,2,3703.1,34,10,15,Semi-Furnished,1,4.42,22247000.0
Janakpuri,Villa,3,3,0,3292.9,29,8,15,Semi-Furnished,2,5.85,28264000.0
Mayur Vihar,Independent House,1,1,1,2319.6,32,4,13,Unfurnished,1,0.01,12498000.0
Model Town,Apartment,2,2,0,1360.1,30,12,15,Fully-Furnished,2,1.05,12053000.0
